<?xml version="1.0" encoding="UTF-8"?>
<info version="1.1">
  <general>
    <createDate>2019-11-05T06:19:56</createDate>
    <changeDate>2019-11-05T06:19:56</changeDate>
    <schema>iso19139</schema>
    <isTemplate>n</isTemplate>
    <localId>1254</localId>
    <format>full</format>
    <rating>0</rating>
    <popularity>0</popularity>
    <uuid>5eb0483d-23fe-4c62-98d5-3b58330bc589</uuid>
    <siteId>cdf03fdc-4a77-4278-b765-85aeadd4be35</siteId>
    <siteName>Madini Kenya GDC</siteName>
  </general>
  <categories>
    <category name="datasets" />
  </categories>
  <privileges>
    <group name="Test Group" groupOwner="true">
      <operation name="view" />
      <operation name="notify" />
    </group>
  </privileges>
  <public />
  <private />
</info>

