<?xml version="1.0" encoding="UTF-8"?>
<info version="1.1">
  <general>
    <createDate>2019-11-05T07:31:49</createDate>
    <changeDate>2019-11-05T07:32:51</changeDate>
    <schema>iso19139</schema>
    <isTemplate>n</isTemplate>
    <localId>3994</localId>
    <format>full</format>
    <rating>0</rating>
    <popularity>0</popularity>
    <uuid>7d08a8e5-ab8b-4800-bfd7-525285522b27</uuid>
    <siteId>cdf03fdc-4a77-4278-b765-85aeadd4be35</siteId>
    <siteName>Madini Kenya GDC</siteName>
  </general>
  <categories />
  <privileges>
    <group name="sample" groupOwner="true">
      <operation name="view" />
      <operation name="notify" />
    </group>
  </privileges>
  <public />
  <private />
</info>

