<?xml version="1.0" encoding="UTF-8"?>
<info version="1.1">
  <general>
    <createDate>2019-11-04T10:51:00</createDate>
    <changeDate>2019-11-04T10:51:00</changeDate>
    <schema>iso19139</schema>
    <isTemplate>n</isTemplate>
    <localId>538</localId>
    <format>full</format>
    <rating>0</rating>
    <popularity>0</popularity>
    <uuid>f68e9c73-3531-41f2-b842-95f83a8c8ab1</uuid>
    <siteId>cdf03fdc-4a77-4278-b765-85aeadd4be35</siteId>
    <siteName>Madini Kenya GDC</siteName>
  </general>
  <categories>
    <category name="datasets" />
  </categories>
  <privileges>
    <group name="all">
      <operation name="view" />
      <operation name="download" />
      <operation name="dynamic" />
    </group>
    <group name="Test Group" groupOwner="true">
      <operation name="view" />
      <operation name="notify" />
    </group>
  </privileges>
  <public />
  <private />
</info>

