<?xml version="1.0" encoding="UTF-8"?>
<info version="1.1">
  <general>
    <createDate>2019-11-04T08:04:07</createDate>
    <changeDate>2019-11-04T08:11:44</changeDate>
    <schema>iso19139</schema>
    <isTemplate>n</isTemplate>
    <localId>530</localId>
    <format>full</format>
    <rating>0</rating>
    <popularity>3</popularity>
    <uuid>cf2857b3-19ff-4c08-8b42-5ed365f660b9</uuid>
    <siteId>cdf03fdc-4a77-4278-b765-85aeadd4be35</siteId>
    <siteName>Madini Kenya GDC</siteName>
  </general>
  <categories />
  <privileges>
    <group name="sample" groupOwner="true">
      <operation name="view" />
      <operation name="notify" />
    </group>
  </privileges>
  <public />
  <private />
</info>

