<?xml version="1.0" encoding="UTF-8"?>
<info version="1.1">
  <general>
    <createDate>2019-11-04T05:34:34</createDate>
    <changeDate>2019-11-04T05:34:34</changeDate>
    <schema>iso19139</schema>
    <isTemplate>n</isTemplate>
    <localId>158</localId>
    <format>full</format>
    <rating>0</rating>
    <popularity>0</popularity>
    <uuid>0474e785-f8ba-450e-a95b-bce2f422f1e2</uuid>
    <siteId>cdf03fdc-4a77-4278-b765-85aeadd4be35</siteId>
    <siteName>Kenya GDC</siteName>
  </general>
  <categories />
  <privileges>
    <group name="External Metadata" groupOwner="true">
      <operation name="view" />
      <operation name="notify" />
    </group>
  </privileges>
  <public />
  <private />
</info>

