<?xml version="1.0" encoding="UTF-8"?>
<info version="1.1">
  <general>
    <createDate>2019-11-05T07:11:44</createDate>
    <changeDate>2019-11-05T07:11:44</changeDate>
    <schema>iso19139</schema>
    <isTemplate>n</isTemplate>
    <localId>3646</localId>
    <format>full</format>
    <rating>0</rating>
    <popularity>0</popularity>
    <uuid>0e2a419f-fb91-4fb6-a5bb-04562ccf262f</uuid>
    <siteId>cdf03fdc-4a77-4278-b765-85aeadd4be35</siteId>
    <siteName>National Geodata Centre for Kenya</siteName>
  </general>
  <categories>
    <category name="datasets" />
  </categories>
  <privileges>
    <group name="all">
      <operation name="view" />
      <operation name="download" />
      <operation name="dynamic" />
    </group>
    <group name="Test Group" groupOwner="true">
      <operation name="view" />
      <operation name="notify" />
    </group>
  </privileges>
  <public />
  <private />
</info>

