<?xml version="1.0" encoding="UTF-8"?>
<info version="1.1">
  <general>
    <createDate>2019-11-04T04:56:58</createDate>
    <changeDate>2019-11-04T04:56:58</changeDate>
    <schema>iso19110</schema>
    <isTemplate>y</isTemplate>
    <localId>148</localId>
    <format>full</format>
    <rating>0</rating>
    <popularity>0</popularity>
    <uuid>fcbad6f9-b2b6-4cd4-959c-0a8017aa96af</uuid>
    <siteId>cdf03fdc-4a77-4278-b765-85aeadd4be35</siteId>
    <siteName>Kenya GDC</siteName>
  </general>
  <categories />
  <privileges>
    <group name="intranet" groupOwner="true">
      <operation name="notify" />
    </group>
  </privileges>
  <public />
  <private />
</info>

