<?xml version="1.0" encoding="UTF-8"?>
<info version="1.1">
  <general>
    <createDate>2007-07-25T12:05:45</createDate>
    <changeDate>2007-11-06T12:10:47</changeDate>
    <schema>iso19139</schema>
    <isTemplate>n</isTemplate>
    <localId>150</localId>
    <format>full</format>
    <rating>0</rating>
    <popularity>0</popularity>
    <uuid>78f93047-74f8-4419-ac3d-fc62e4b0477b</uuid>
    <siteId>cdf03fdc-4a77-4278-b765-85aeadd4be35</siteId>
    <siteName>Kenya GDC</siteName>
  </general>
  <categories>
    <category name="maps" />
    <category name="interactiveResources" />
  </categories>
  <privileges>
    <group name="intranet">
      <operation name="view" />
      <operation name="download" />
      <operation name="dynamic" />
      <operation name="featured" />
    </group>
    <group name="all">
      <operation name="featured" />
    </group>
    <group name="sample">
      <operation name="view" />
      <operation name="download" />
      <operation name="editing" />
      <operation name="dynamic" />
      <operation name="featured" />
    </group>
  </privileges>
  <public>
    <file name="phy_s.gif" changeDate="2007-07-25T12:07:26" />
    <file name="phy.gif" changeDate="2007-07-25T12:07:34" />
  </public>
  <private>
    <file name="phy.zip" changeDate="2007-07-25T12:11:26" />
  </private>
</info>

