<?xml version="1.0" encoding="UTF-8"?>
<info version="1.1">
  <general>
    <createDate>2019-11-04T04:56:57</createDate>
    <changeDate>2019-11-04T04:56:57</changeDate>
    <schema>iso19139</schema>
    <isTemplate>y</isTemplate>
    <localId>138</localId>
    <format>full</format>
    <rating>0</rating>
    <popularity>0</popularity>
    <uuid>78865a5e-1497-49e5-8f30-12e9f5530029</uuid>
    <siteId>cdf03fdc-4a77-4278-b765-85aeadd4be35</siteId>
    <siteName>Kenya GDC</siteName>
  </general>
  <categories />
  <privileges>
    <group name="all" groupOwner="true">
      <operation name="notify" />
    </group>
  </privileges>
  <public />
  <private />
</info>

