<?xml version="1.0" encoding="UTF-8"?>
<gmd:MD_Metadata xmlns:gmd="http://www.isotc211.org/2005/gmd" xmlns:gco="http://www.isotc211.org/2005/gco" xmlns:gml="http://www.opengis.net/gml/3.2" xmlns:gmx="http://www.isotc211.org/2005/gmx" xmlns:gsr="http://www.isotc211.org/2005/gsr" xmlns:gss="http://www.isotc211.org/2005/gss" xmlns:gts="http://www.isotc211.org/2005/gts" xmlns:srv="http://www.isotc211.org/2005/srv" xmlns:xlink="http://www.w3.org/1999/xlink" xmlns:geonet="http://www.fao.org/geonetwork" xmlns:xsi="http://www.w3.org/2001/XMLSchema-instance" xsi:schemaLocation="http://www.isotc211.org/2005/gmd http://inspire.ec.europa.eu/draft-schemas/inspire-md-schemas/apiso-inspire/apiso-inspire.xsd">
  <gmd:fileIdentifier>
    <gco:CharacterString>e00eeadc-9356-4a1a-88b1-168882a4ecf0</gco:CharacterString>
  </gmd:fileIdentifier>
  <gmd:language>
    <gmd:LanguageCode codeList="ML_gmxCodelists.xml#LanguageCode" codeListValue="eng">English</gmd:LanguageCode>
  </gmd:language>
  <gmd:parentIdentifier>
    <gco:CharacterString>Y633 (1: 100 000 scale) Topographic Map Series</gco:CharacterString>
  </gmd:parentIdentifier>
  <gmd:hierarchyLevel>
    <gmd:MD_ScopeCode codeList="gmxCodelists.xml#MD_ScopeCode" codeListValue="dataset">dataset</gmd:MD_ScopeCode>
  </gmd:hierarchyLevel>
  <gmd:contact>
    <gmd:CI_ResponsibleParty>
      <gmd:individualName>
        <gco:CharacterString>ELEWIS</gco:CharacterString>
      </gmd:individualName>
      <gmd:contactInfo />
      <gmd:role>
        <gmd:CI_RoleCode codeList="gmxCodelists.xml#CI_RoleCode" codeListValue="pointOfContact">pointOfContact</gmd:CI_RoleCode>
      </gmd:role>
    </gmd:CI_ResponsibleParty>
  </gmd:contact>
  <gmd:dateStamp>
    <gco:Date>2019-10-22</gco:Date>
  </gmd:dateStamp>
  <gmd:metadataStandardName>
    <gco:CharacterString>Edds ODA standard</gco:CharacterString>
  </gmd:metadataStandardName>
  <gmd:metadataStandardVersion>
    <gco:CharacterString>0.1</gco:CharacterString>
  </gmd:metadataStandardVersion>
  <gmd:referenceSystemInfo>
    <gmd:MD_ReferenceSystem>
      <gmd:referenceSystemIdentifier>
        <gmd:RS_Identifier>
          <gmd:code>
            <gco:CharacterString>Arc 1950  (Clarke 1880) Zone 37S</gco:CharacterString>
          </gmd:code>
        </gmd:RS_Identifier>
      </gmd:referenceSystemIdentifier>
    </gmd:MD_ReferenceSystem>
  </gmd:referenceSystemInfo>
  <gmd:identificationInfo>
    <gmd:MD_DataIdentification id="IAR_KEN_775">
      <gmd:citation>
        <gmd:CI_Citation>
          <gmd:title>
            <gco:CharacterString>157 Kolbio</gco:CharacterString>
          </gmd:title>
          <gmd:date>
            <gmd:CI_Date>
              <gmd:date>
                <gco:Date>1963</gco:Date>
              </gmd:date>
              <gmd:dateType>
                <gmd:CI_DateTypeCode codeList="gmxCodelists.xml#CI_DateTypeCode" codeListValue="publication">Date of publication</gmd:CI_DateTypeCode>
              </gmd:dateType>
            </gmd:CI_Date>
          </gmd:date>
          <gmd:edition>
            <gco:CharacterString>1-SK</gco:CharacterString>
          </gmd:edition>
          <gmd:presentationForm>
            <gmd:CI_PresentationFormCode codeList="gmxCodelists.xml#CI_PresentationFormCode" codeListValue="mapDigital">mapDigital</gmd:CI_PresentationFormCode>
          </gmd:presentationForm>
          <gmd:otherCitationDetails gco:nilReason="inapplicable" />
          <gmd:collectiveTitle>
            <gco:CharacterString>Y633 (1: 100 000 scale) Topographic Map Series</gco:CharacterString>
          </gmd:collectiveTitle>
        </gmd:CI_Citation>
      </gmd:citation>
      <gmd:abstract>
        <gco:CharacterString>Series of 1: 100 000 scale topographic maps pubished between 1958 and 1978. Data was collated and published by War office and Air Ministry (United Kingdom) subsequently Ministry of Defence (United Kingdom)[GSGS]; Survey Kenya [SK]; Directorate of Overseas Surveys for the Kenya Government [D.O.S.] .
Maps are projected using the East African Grids (Transverse Mercator(Clarke 1880); Arc (1960) (Clarke 1880). A small number of the maps are shown as using Arc (1950) (Clarke 1880) however, this dataum is usually used for map in Botswana, Malawi, Zambia and Zimbabwe. The map references for the sheets indicated  to be in Arc (1950) (Clarke 1880) have been flagged to indicate this. Publishers: G.S.G.S. British War Office and Air Ministry/Ministry of Defence (United Kingdom); D.O.S. Directorate of Overseas Surveys for the Kenya Government; S.K Survey Kenya</gco:CharacterString>
      </gmd:abstract>
      <gmd:status>
        <gmd:MD_ProgressCode codeList="gmxCodelists.xml#MD_ProgressCode" codeListValue="completed" />
      </gmd:status>
      <gmd:pointOfContact xlink:title="Author">
        <gmd:CI_ResponsibleParty>
          <gmd:individualName>
            <gco:CharacterString />
          </gmd:individualName>
          <gmd:role>
            <gmd:CI_RoleCode codeList="gmxCodelists.xml#CI_RoleCode" codeListValue="author">Author</gmd:CI_RoleCode>
          </gmd:role>
        </gmd:CI_ResponsibleParty>
      </gmd:pointOfContact>
      <gmd:pointOfContact xlink:title="Publisher">
        <gmd:CI_ResponsibleParty>
          <gmd:organisationName>
            <gco:CharacterString />
          </gmd:organisationName>
          <gmd:contactInfo>
            <gmd:CI_Contact>
              <gmd:address>
                <gmd:CI_Address>
                  <gmd:administrativeArea>
                    <gco:CharacterString />
                  </gmd:administrativeArea>
                </gmd:CI_Address>
              </gmd:address>
            </gmd:CI_Contact>
          </gmd:contactInfo>
          <gmd:role>
            <gmd:CI_RoleCode codeList="gmxCodelists.xml#CI_RoleCode" codeListValue="publisher">Publisher</gmd:CI_RoleCode>
          </gmd:role>
        </gmd:CI_ResponsibleParty>
      </gmd:pointOfContact>
      <gmd:pointOfContact xlink:title="Custodian">
        <gmd:CI_ResponsibleParty>
          <gmd:organisationName>
            <gco:CharacterString>Ministry of Mines and Natural Resources (Mines and Geological Department)</gco:CharacterString>
          </gmd:organisationName>
          <gmd:role>
            <gmd:CI_RoleCode codeList="gmxCodelists.xml#CI_RoleCode" codeListValue="custodian">Custodian</gmd:CI_RoleCode>
          </gmd:role>
        </gmd:CI_ResponsibleParty>
      </gmd:pointOfContact>
      <gmd:pointOfContact xlink:title="PointOfContact">
        <gmd:CI_ResponsibleParty>
          <gmd:organisationName>
            <gco:CharacterString>Ministry of Mines and Natural Resources (Mines and Geological Department)</gco:CharacterString>
          </gmd:organisationName>
          <gmd:role>
            <gmd:CI_RoleCode codeList="gmxCodelists.xml#CI_RoleCode" codeListValue="pointOfContact">Point of Contact</gmd:CI_RoleCode>
          </gmd:role>
        </gmd:CI_ResponsibleParty>
      </gmd:pointOfContact>
      <gmd:pointOfContact xlink:title="Owner">
        <gmd:CI_ResponsibleParty>
          <gmd:individualName>
            <gco:CharacterString />
          </gmd:individualName>
          <gmd:role>
            <gmd:CI_RoleCode codeList="gmxCodelists.xml#CI_RoleCode" codeListValue="owner">Owner</gmd:CI_RoleCode>
          </gmd:role>
        </gmd:CI_ResponsibleParty>
      </gmd:pointOfContact>
      <gmd:resourceMaintenance>
        <gmd:MD_MaintenanceInformation>
          <gmd:maintenanceAndUpdateFrequency>
            <gmd:MD_MaintenanceFrequencyCode codeList="gmxCodelists.xml#MD_MaintenanceFrequencyCode" codeListValue="unknown">unknown</gmd:MD_MaintenanceFrequencyCode>
          </gmd:maintenanceAndUpdateFrequency>
        </gmd:MD_MaintenanceInformation>
      </gmd:resourceMaintenance>
      <gmd:graphicOverview>
        <gmd:MD_BrowseGraphic>
          <gmd:fileName>
            <gco:CharacterString>http://www.sciencekids.co.nz/images/pictures/flags680/Kenya.jpg</gco:CharacterString>
          </gmd:fileName>
          <gmd:fileDescription>
            <gco:CharacterString>Natioanl flag of Kenya</gco:CharacterString>
          </gmd:fileDescription>
          <gmd:fileType>
            <gco:CharacterString>JPEG</gco:CharacterString>
          </gmd:fileType>
        </gmd:MD_BrowseGraphic>
      </gmd:graphicOverview>
      <gmd:descriptiveKeywords>
        <gmd:MD_Keywords>
          <gmd:keyword>
            <gco:CharacterString>Topography</gco:CharacterString>
          </gmd:keyword>
          <gmd:keyword>
            <gco:CharacterString>100k</gco:CharacterString>
          </gmd:keyword>
        </gmd:MD_Keywords>
      </gmd:descriptiveKeywords>
      <gmd:resourceConstraints xlink:title="Limitations/Use_constraints">
        <gmd:MD_Constraints>
          <gmd:useLimitation>
            <gco:CharacterString>Internal Only</gco:CharacterString>
          </gmd:useLimitation>
        </gmd:MD_Constraints>
      </gmd:resourceConstraints>
      <gmd:resourceConstraints xlink:title="Limitations/Access constraints">
        <gmd:MD_LegalConstraints>
          <gmd:accessConstraints>
            <gmd:MD_RestrictionCode codeList="gmxCodelists.xml#MD_RestrictionCode" codeListValue="otherRestrictions" />
          </gmd:accessConstraints>
          <gmd:otherConstraints>
            <gco:CharacterString>Internal Only</gco:CharacterString>
          </gmd:otherConstraints>
        </gmd:MD_LegalConstraints>
      </gmd:resourceConstraints>
      <gmd:resourceConstraints xlink:title="Conditions/Licence/Restriction Code">
        <gmd:MD_LegalConstraints>
          <gmd:useConstraints gco:nilReason="missing" />
          <gmd:otherConstraints>
            <gmx:Anchor xlink:href="#">No specifed conditions apply</gmx:Anchor>
          </gmd:otherConstraints>
        </gmd:MD_LegalConstraints>
      </gmd:resourceConstraints>
      <gmd:spatialResolution>
        <gmd:MD_Resolution>
          <gmd:equivalentScale>
            <gmd:MD_RepresentativeFraction>
              <gmd:denominator>
                <gco:Integer>100000</gco:Integer>
              </gmd:denominator>
            </gmd:MD_RepresentativeFraction>
          </gmd:equivalentScale>
        </gmd:MD_Resolution>
      </gmd:spatialResolution>
      <gmd:language>
        <gmd:LanguageCode codeList="http://www.loc.gov/standards/iso639-2/php/code_list.php" codeListValue="eng">English</gmd:LanguageCode>
      </gmd:language>
      <gmd:topicCategory>
        <gmd:MD_TopicCategoryCode>imageryBaseMapsEarthCover</gmd:MD_TopicCategoryCode>
      </gmd:topicCategory>
      <gmd:extent>
        <gmd:EX_Extent>
          <gmd:temporalElement gco:nilReason="unknown" />
        </gmd:EX_Extent>
      </gmd:extent>
      <gmd:extent>
        <gmd:EX_Extent>
          <gmd:description>
            <gco:CharacterString>Kolbio area</gco:CharacterString>
          </gmd:description>
        </gmd:EX_Extent>
      </gmd:extent>
      <gmd:supplementalInformation>
        <gco:CharacterString>{"Translation Needs":"",
"Number of pages (Hardcopy)":"",
"Archive Location (Hardcopy)":"",
"Location in Archive (Hardcopy)":"",
"Risk and Impact":"",
"Vital asset to the organisation?":"",
"Current Asset Volume":"6.33",
"Digitalizing status":"Scanned &amp; Georeferenced",
"Scanned Date":"",
"Name of Staff Scanning":"",
"Digital Asset location":"W:\SpatialData\Raster\Topographic\Scale_1_100000_Series_Y633\157_Kolbio.jpg",
"Retention period":"",
"Shared with":"",
"Comments":""}</gco:CharacterString>
      </gmd:supplementalInformation>
    </gmd:MD_DataIdentification>
  </gmd:identificationInfo>
  <gmd:distributionInfo>
    <gmd:MD_Distribution>
      <gmd:distributionFormat>
        <gmd:MD_Format>
          <gmd:name>
            <gco:CharacterString>.jpg</gco:CharacterString>
          </gmd:name>
          <gmd:version gco:nilReason="unknown" />
        </gmd:MD_Format>
      </gmd:distributionFormat>
    </gmd:MD_Distribution>
  </gmd:distributionInfo>
  <gmd:dataQualityInfo>
    <gmd:DQ_DataQuality>
      <gmd:scope gco:nilReason="unknown" />
      <gmd:lineage>
        <gmd:LI_Lineage>
          <gmd:statement>
            <gco:CharacterString>The majority of this map series are version 1 copies, a small number have been revised and republished these carry a subsequent version number. No further revisons or republished versions have been identified.</gco:CharacterString>
          </gmd:statement>
        </gmd:LI_Lineage>
      </gmd:lineage>
    </gmd:DQ_DataQuality>
  </gmd:dataQualityInfo>
</gmd:MD_Metadata>