<?xml version="1.0" encoding="UTF-8"?>
<info version="1.1">
  <general>
    <createDate>2019-11-13T11:22:24</createDate>
    <changeDate>2019-11-13T11:31:30</changeDate>
    <schema>iso19139</schema>
    <isTemplate>n</isTemplate>
    <localId>4327</localId>
    <format>full</format>
    <rating>0</rating>
    <popularity>0</popularity>
    <uuid>beb15235-4f30-4b12-8adb-1525dee35168</uuid>
    <siteId>cdf03fdc-4a77-4278-b765-85aeadd4be35</siteId>
    <siteName>National Geodata Centre for Kenya</siteName>
  </general>
  <categories>
    <category name="datasets" />
  </categories>
  <privileges>
    <group name="GDC Kenya" groupOwner="true">
      <operation name="view" />
      <operation name="notify" />
    </group>
  </privileges>
  <public />
  <private />
</info>

