<?xml version="1.0" encoding="UTF-8"?>
<info version="1.1">
  <general>
    <createDate>2019-11-14T07:43:13</createDate>
    <changeDate>2019-11-14T07:43:13</changeDate>
    <schema>iso19139</schema>
    <isTemplate>n</isTemplate>
    <localId>5791</localId>
    <format>full</format>
    <rating>0</rating>
    <popularity>0</popularity>
    <uuid>7de2669f-98b6-4f09-9fde-b0e758e06620</uuid>
    <siteId>cdf03fdc-4a77-4278-b765-85aeadd4be35</siteId>
    <siteName>National Geodata Centre for Kenya</siteName>
  </general>
  <categories />
  <privileges>
    <group name="Test Group" groupOwner="true">
      <operation name="view" />
      <operation name="notify" />
    </group>
  </privileges>
  <public />
  <private />
</info>

