<?xml version="1.0" encoding="UTF-8"?>
<info version="1.1">
  <general>
    <createDate>2019-11-05T07:14:53</createDate>
    <changeDate>2019-11-11T11:35:29</changeDate>
    <schema>iso19139</schema>
    <isTemplate>n</isTemplate>
    <localId>3879</localId>
    <format>full</format>
    <rating>0</rating>
    <popularity>11</popularity>
    <uuid>2ac74a09-9955-4ed3-a26a-e96addb6f167</uuid>
    <siteId>cdf03fdc-4a77-4278-b765-85aeadd4be35</siteId>
    <siteName>National Geodata Centre for Kenya</siteName>
  </general>
  <categories>
    <category name="datasets" />
  </categories>
  <privileges>
    <group name="all">
      <operation name="view" />
      <operation name="download" />
      <operation name="dynamic" />
    </group>
    <group name="Test Group" groupOwner="true">
      <operation name="view" />
      <operation name="notify" />
    </group>
  </privileges>
  <public>
    <file name="Amboseli_Area_Thumb.jpg" changeDate="2019-11-11T11:34:02" />
  </public>
  <private />
</info>

