<?xml version="1.0" encoding="UTF-8"?>
<info version="1.1">
  <general>
    <createDate>2019-11-04T10:22:41</createDate>
    <changeDate>2019-11-04T10:24:08</changeDate>
    <schema>iso19139</schema>
    <isTemplate>n</isTemplate>
    <localId>531</localId>
    <format>full</format>
    <rating>0</rating>
    <popularity>1</popularity>
    <uuid>0efa16d7-d9c2-472a-949b-a1474d07f4ef</uuid>
    <siteId>cdf03fdc-4a77-4278-b765-85aeadd4be35</siteId>
    <siteName>Madini Kenya GDC</siteName>
  </general>
  <categories />
  <privileges>
    <group name="Test Group" groupOwner="true">
      <operation name="view" />
      <operation name="notify" />
    </group>
  </privileges>
  <public />
  <private />
</info>

