<?xml version="1.0" encoding="UTF-8"?>
<info version="1.1">
  <general>
    <createDate>2019-11-04T05:35:01</createDate>
    <changeDate>2019-11-04T05:35:01</changeDate>
    <schema>iso19139</schema>
    <isTemplate>n</isTemplate>
    <localId>159</localId>
    <format>full</format>
    <rating>0</rating>
    <popularity>1</popularity>
    <uuid>a70f18b1-36b8-4647-8d13-83bd1aef3d97</uuid>
    <siteId>cdf03fdc-4a77-4278-b765-85aeadd4be35</siteId>
    <siteName>Kenya GDC</siteName>
  </general>
  <categories />
  <privileges>
    <group name="External Metadata" groupOwner="true">
      <operation name="view" />
      <operation name="notify" />
    </group>
  </privileges>
  <public />
  <private />
</info>

