<?xml version="1.0" encoding="UTF-8"?>
<gmd:MD_Metadata xmlns:gmd="http://www.isotc211.org/2005/gmd" xmlns:srv="http://www.isotc211.org/2005/srv" xmlns:gco="http://www.isotc211.org/2005/gco" xmlns:gml="http://www.opengis.net/gml" xmlns:xlink="http://www.w3.org/1999/xlink" xmlns:xsi="http://www.w3.org/2001/XMLSchema-instance" xmlns:geonet="http://www.fao.org/geonetwork" xsi:schemaLocation="http://www.isotc211.org/2005/gmd http://www.isotc211.org/2005/gmd/gmd.xsd    http://www.opengis.net/gml http://www.opengis.net/gml/gml.xsd">
  <gmd:fileIdentifier>
    <gco:CharacterString>b3b8c49b-fe94-4e38-abcc-31d23c219216</gco:CharacterString>
  </gmd:fileIdentifier>
  <gmd:language>
    <gco:CharacterString>eng</gco:CharacterString>
  </gmd:language>
  <gmd:characterSet>
    <gmd:MD_CharacterSetCode codeList="http://www.isotc211.org/2005/resources/Codelist/gmxCodelist.xml#MD_CharacterSetCode" codeListValue="utf8" codeSpace="eng">utf8</gmd:MD_CharacterSetCode>
  </gmd:characterSet>
  <!-- <gmd:parentIdentifier><gco:CharacterString>noParentAvailable</gco:CharacterString></gmd:parentIdentifier> -->
  <gmd:hierarchyLevel>
    <gmd:MD_ScopeCode codeList="http://www.isotc211.org/2005/resources/Codelist/gmxCodelist.xml#MD_ScopeCode" codeListValue="dataset">dataset</gmd:MD_ScopeCode>
  </gmd:hierarchyLevel>
  <gmd:hierarchyLevelName>
    <gco:CharacterString>dataset - Localities - Victoria</gco:CharacterString>
  </gmd:hierarchyLevelName>
  <gmd:contact>
    <gmd:CI_ResponsibleParty id="DSE_Falzon_cust">
      <gmd:individualName>
        <gco:CharacterString>Falzon Katie Ms</gco:CharacterString>
      </gmd:individualName>
      <gmd:organisationName>
        <gco:CharacterString>Department of Sustainability and Environment (DSE)</gco:CharacterString>
      </gmd:organisationName>
      <gmd:positionName>
        <gco:CharacterString>Project Officer</gco:CharacterString>
      </gmd:positionName>
      <gmd:contactInfo>
        <gmd:CI_Contact>
          <gmd:phone>
            <gmd:CI_Telephone>
              <gmd:voice>
                <gco:CharacterString>+61 3 8636 2319</gco:CharacterString>
              </gmd:voice>
              <gmd:facsimile>
                <gco:CharacterString>+61 3 8636 2813</gco:CharacterString>
              </gmd:facsimile>
            </gmd:CI_Telephone>
          </gmd:phone>
          <gmd:address>
            <gmd:CI_Address>
              <gmd:deliveryPoint>
                <gco:CharacterString>PO Box 500</gco:CharacterString>
              </gmd:deliveryPoint>
              <gmd:city>
                <gco:CharacterString>East Melbourne</gco:CharacterString>
              </gmd:city>
              <gmd:administrativeArea>
                <gco:CharacterString>Victoria</gco:CharacterString>
              </gmd:administrativeArea>
              <gmd:postalCode>
                <gco:CharacterString>3002</gco:CharacterString>
              </gmd:postalCode>
              <gmd:country>
                <gco:CharacterString>Australia</gco:CharacterString>
              </gmd:country>
              <gmd:electronicMailAddress>
                <gco:CharacterString>katie.falzon@dse.vic.gov.au</gco:CharacterString>
              </gmd:electronicMailAddress>
            </gmd:CI_Address>
          </gmd:address>
          <gmd:onlineResource>
            <gmd:CI_OnlineResource>
              <gmd:linkage>
                <gmd:URL>http://www.land.vic.gov.au/vicmap</gmd:URL>
              </gmd:linkage>
            </gmd:CI_OnlineResource>
          </gmd:onlineResource>
        </gmd:CI_Contact>
      </gmd:contactInfo>
      <gmd:role>
        <gmd:CI_RoleCode codeList="http://www.isotc211.org/2005/resources/Codelist/gmxCodelist.xml#CI_RoleCode" codeListValue="custodian">custodian</gmd:CI_RoleCode>
      </gmd:role>
    </gmd:CI_ResponsibleParty>
  </gmd:contact>
  <gmd:dateStamp>
    <gco:Date>2007-08-13</gco:Date>
  </gmd:dateStamp>
  <gmd:metadataStandardName>
    <gco:CharacterString>ANZLIC Metadata Profile</gco:CharacterString>
  </gmd:metadataStandardName>
  <gmd:metadataStandardVersion>
    <gco:CharacterString>1.1</gco:CharacterString>
  </gmd:metadataStandardVersion>
  <!-- <gmd:spatialRepresentationInfo>     <gmd:MD_VectorSpatialRepresentation id="VR01">     <gmd:geometricObjects>     <gmd:MD_GeometricObjects>     <gmd:geometricObjectType>     <gmd:MD_GeometricObjectTypeCode codeList="http://www.isotc211.org/2005/resources/Codelist/gmxCodelist.xml#MD_GeometricObjectTypeCode" codeListValue="point">point</gmd:MD_GeometricObjectTypeCode>     </gmd:geometricObjectType>     <gmd:geometricObjectCount><gco:Integer>106517</gco:Integer></gmd:geometricObjectCount>     </gmd:MD_GeometricObjects>     </gmd:geometricObjects>     </gmd:MD_VectorSpatialRepresentation>     </gmd:spatialRepresentationInfo>     <gmd:referenceSystemInfo> -->
  <gmd:referenceSystemInfo>
    <gmd:MD_ReferenceSystem id="RS01">
      <gmd:referenceSystemIdentifier>
        <gmd:RS_Identifier>
          <gmd:authority>
            <gmd:CI_Citation>
              <gmd:title>
                <gco:CharacterString>EPSG Geodetic Parameter Dataset</gco:CharacterString>
              </gmd:title>
              <gmd:date>
                <gmd:CI_Date>
                  <gmd:date>
                    <gco:Date>20070716</gco:Date>
                  </gmd:date>
                  <gmd:dateType>
                    <gmd:CI_DateTypeCode codeList="http://www.isotc211.org/2005/resources/Codelist/gmxCodelist.xml#CI_DateTypeCode" codeListValue="revision">revision</gmd:CI_DateTypeCode>
                  </gmd:dateType>
                </gmd:CI_Date>
              </gmd:date>
              <gmd:edition>
                <gco:CharacterString>Version 6.13</gco:CharacterString>
              </gmd:edition>
            </gmd:CI_Citation>
          </gmd:authority>
          <gmd:code>
            <gco:CharacterString>4283</gco:CharacterString>
          </gmd:code>
        </gmd:RS_Identifier>
      </gmd:referenceSystemIdentifier>
    </gmd:MD_ReferenceSystem>
  </gmd:referenceSystemInfo>
  <gmd:identificationInfo>
    <gmd:MD_DataIdentification id="ID00">
      <gmd:citation>
        <gmd:CI_Citation>
          <gmd:title>
            <gco:CharacterString>Localities in Victoria (VMADMIN.LOCALITY_POLYGON) - Comprehensive Elements</gco:CharacterString>
          </gmd:title>
          <gmd:date>
            <gmd:CI_Date>
              <gmd:date>
                <gco:Date>2006-09-11</gco:Date>
              </gmd:date>
              <gmd:dateType>
                <gmd:CI_DateTypeCode codeList="http://www.isotc211.org/2005/resources/Codelist/gmxCodelist.xml#CI_DateTypeCode" codeListValue="publication">publication</gmd:CI_DateTypeCode>
              </gmd:dateType>
            </gmd:CI_Date>
          </gmd:date>
          <gmd:citedResponsibleParty xlink:href="#DSE_Falzon_cust">
            <gmd:CI_ResponsibleParty>
              <gmd:individualName>
                <gco:CharacterString>Falzon Katie Ms</gco:CharacterString>
              </gmd:individualName>
              <gmd:organisationName>
                <gco:CharacterString>Department of Sustainability and Environment (DSE)</gco:CharacterString>
              </gmd:organisationName>
              <gmd:positionName>
                <gco:CharacterString>Project Officer</gco:CharacterString>
              </gmd:positionName>
              <gmd:contactInfo>
                <gmd:CI_Contact>
                  <gmd:phone>
                    <gmd:CI_Telephone>
                      <gmd:voice>
                        <gco:CharacterString>+61 3 8636 2319</gco:CharacterString>
                      </gmd:voice>
                      <gmd:facsimile>
                        <gco:CharacterString>+61 3 8636 2813</gco:CharacterString>
                      </gmd:facsimile>
                    </gmd:CI_Telephone>
                  </gmd:phone>
                  <gmd:address>
                    <gmd:CI_Address>
                      <gmd:deliveryPoint>
                        <gco:CharacterString>PO Box 500</gco:CharacterString>
                      </gmd:deliveryPoint>
                      <gmd:city>
                        <gco:CharacterString>East Melbourne</gco:CharacterString>
                      </gmd:city>
                      <gmd:administrativeArea>
                        <gco:CharacterString>Victoria</gco:CharacterString>
                      </gmd:administrativeArea>
                      <gmd:postalCode>
                        <gco:CharacterString>3002</gco:CharacterString>
                      </gmd:postalCode>
                      <gmd:country>
                        <gco:CharacterString>Australia</gco:CharacterString>
                      </gmd:country>
                      <gmd:electronicMailAddress>
                        <gco:CharacterString>katie.falzon@dse.vic.gov.au</gco:CharacterString>
                      </gmd:electronicMailAddress>
                    </gmd:CI_Address>
                  </gmd:address>
                  <gmd:onlineResource>
                    <gmd:CI_OnlineResource>
                      <gmd:linkage>
                        <gmd:URL>http://www.land.vic.gov.au/vicmap</gmd:URL>
                      </gmd:linkage>
                    </gmd:CI_OnlineResource>
                  </gmd:onlineResource>
                </gmd:CI_Contact>
              </gmd:contactInfo>
              <gmd:role>
                <gmd:CI_RoleCode codeList="http://www.isotc211.org/2005/resources/Codelist/gmxCodelist.xml#CI_RoleCode" codeListValue="custodian">custodian</gmd:CI_RoleCode>
              </gmd:role>
            </gmd:CI_ResponsibleParty>
          </gmd:citedResponsibleParty>
          <gmd:presentationForm>
            <gmd:CI_PresentationFormCode codeList="http://www.isotc211.org/2005/resources/Codelist/gmxCodelist.xml#CI_PresentationFormCode" codeListValue="mapDigital">mapDigital</gmd:CI_PresentationFormCode>
          </gmd:presentationForm>
        </gmd:CI_Citation>
      </gmd:citation>
      <gmd:abstract>
        <gco:CharacterString>This dataset is the definitive set of locality boundaries for the state of Victoria            as defined by Local Government and registered by the Registrar of Geographic Names.            The boundaries are aligned to Vicmap Property. This dataset is part of the Vicmap Admin dataset series.</gco:CharacterString>
      </gmd:abstract>
      <gmd:purpose>
        <gco:CharacterString>The Vicmap Admin product, which includes this dataset,            provides an accurate representation of various administrative boundaries across Victoria, at a capture scale of 1:25,000.            It is used in a variety of applications, particularly in            emergency services,            natural resource management,            planning and development, and            digital map publications.</gco:CharacterString>
      </gmd:purpose>
      <!-- <gmd:credit>         <gco:CharacterString></gco:CharacterString>       </gmd:credit> -->
      <gmd:status>
        <gmd:MD_ProgressCode codeList="http://www.isotc211.org/2005/resources/Codelist/gmxCodelist.xml#CI_RoleCode" codeListValue="onGoing">onGoing</gmd:MD_ProgressCode>
      </gmd:status>
      <gmd:pointOfContact>
        <gmd:CI_ResponsibleParty>
          <gmd:organisationName>
            <gco:CharacterString>Department of Sustainability and Environment (DSE)</gco:CharacterString>
          </gmd:organisationName>
          <gmd:positionName>
            <gco:CharacterString>Marketting manager</gco:CharacterString>
          </gmd:positionName>
          <gmd:contactInfo>
            <gmd:CI_Contact>
              <gmd:phone>
                <gmd:CI_Telephone>
                  <gmd:voice>
                    <gco:CharacterString>+61 3 8636 2683</gco:CharacterString>
                  </gmd:voice>
                  <gmd:facsimile>
                    <gco:CharacterString>+61 3 8636 2813</gco:CharacterString>
                  </gmd:facsimile>
                </gmd:CI_Telephone>
              </gmd:phone>
              <gmd:address>
                <gmd:CI_Address>
                  <gmd:deliveryPoint>
                    <gco:CharacterString>PO Box 500</gco:CharacterString>
                  </gmd:deliveryPoint>
                  <gmd:city>
                    <gco:CharacterString>East Melbourne</gco:CharacterString>
                  </gmd:city>
                  <gmd:administrativeArea>
                    <gco:CharacterString>Victoria</gco:CharacterString>
                  </gmd:administrativeArea>
                  <gmd:postalCode>
                    <gco:CharacterString>3002</gco:CharacterString>
                  </gmd:postalCode>
                  <gmd:country>
                    <gco:CharacterString>Australia</gco:CharacterString>
                  </gmd:country>
                  <gmd:electronicMailAddress>
                    <gco:CharacterString>vicmap@dse.vic.gov.au</gco:CharacterString>
                  </gmd:electronicMailAddress>
                </gmd:CI_Address>
              </gmd:address>
              <gmd:onlineResource>
                <gmd:CI_OnlineResource>
                  <gmd:linkage>
                    <gmd:URL>http://www.land.vic.gov.au/vicmapdsp</gmd:URL>
                  </gmd:linkage>
                </gmd:CI_OnlineResource>
              </gmd:onlineResource>
              <gmd:contactInstructions>
                <gco:CharacterString>Please consult the above link for a list of Data Suppliers from whom this dataset may be purchased</gco:CharacterString>
              </gmd:contactInstructions>
            </gmd:CI_Contact>
          </gmd:contactInfo>
          <gmd:role>
            <gmd:CI_RoleCode codeList="http://www.isotc211.org/2005/resources/Codelist/gmxCodelist.xml#CI_RoleCode" codeListValue="pointOfContact">pointOfContact</gmd:CI_RoleCode>
          </gmd:role>
        </gmd:CI_ResponsibleParty>
      </gmd:pointOfContact>
      <gmd:resourceMaintenance>
        <gmd:MD_MaintenanceInformation>
          <gmd:maintenanceAndUpdateFrequency>
            <gmd:MD_MaintenanceFrequencyCode codeList="http://www.isotc211.org/2005/resources/Codelist/gmxCodelist.xml#MD_MaintenanceFrequencyCode" codeListValue="fortnightly">fortnightly</gmd:MD_MaintenanceFrequencyCode>
          </gmd:maintenanceAndUpdateFrequency>
          <gmd:updateScope>
            <gmd:MD_ScopeCode codeList="http://www.isotc211.org/2005/resources/Codelist/gmxCodelist.xml#MD_ScopeCode" codeListValue="dataset">dataset</gmd:MD_ScopeCode>
          </gmd:updateScope>
        </gmd:MD_MaintenanceInformation>
      </gmd:resourceMaintenance>
      <gmd:descriptiveKeywords>
        <gmd:MD_Keywords>
          <gmd:keyword>
            <gco:CharacterString>BOUNDARIES-Administrative</gco:CharacterString>
          </gmd:keyword>
          <gmd:keyword>
            <gco:CharacterString>LAND-Ownership</gco:CharacterString>
          </gmd:keyword>
          <gmd:type>
            <gmd:MD_KeywordTypeCode codeList="http://www.isotc211.org/2005/resources/Codelist/gmxCodelist.xml#MD_KeywordTypeTypeCode" codeListValue="theme">theme</gmd:MD_KeywordTypeCode>
          </gmd:type>
          <gmd:thesaurusName>
            <gmd:CI_Citation>
              <gmd:title>
                <gco:CharacterString>ANZLIC search words</gco:CharacterString>
              </gmd:title>
              <gmd:date>
                <gmd:CI_Date>
                  <gmd:date>
                    <gco:Date>2006-10-10</gco:Date>
                  </gmd:date>
                  <gmd:dateType>
                    <gmd:CI_DateTypeCode codeList="http://www.isotc211.org/2005/resources/Codelist/gmxCodelist.xml#CI_DateTypeCode" codeListValue="revision">revision</gmd:CI_DateTypeCode>
                  </gmd:dateType>
                </gmd:CI_Date>
              </gmd:date>
              <gmd:edition>
                <gco:CharacterString>2</gco:CharacterString>
              </gmd:edition>
              <gmd:citedResponsibleParty>
                <gmd:CI_ResponsibleParty id="ANZLIC_Contact">
                  <gmd:organisationName>
                    <gco:CharacterString>ANZLIC</gco:CharacterString>
                  </gmd:organisationName>
                  <gmd:contactInfo>
                    <gmd:CI_Contact>
                      <gmd:address>
                        <gmd:CI_Address>
                          <gmd:deliveryPoint>
                            <gco:CharacterString>GPO Box 337</gco:CharacterString>
                          </gmd:deliveryPoint>
                          <gmd:city>
                            <gco:CharacterString>CANBERRA</gco:CharacterString>
                          </gmd:city>
                          <gmd:administrativeArea>
                            <gco:CharacterString>Australian Capital Territory</gco:CharacterString>
                          </gmd:administrativeArea>
                          <gmd:postalCode>
                            <gco:CharacterString>2601</gco:CharacterString>
                          </gmd:postalCode>
                          <gmd:country>
                            <gco:CharacterString>AUSTRALIA</gco:CharacterString>
                          </gmd:country>
                          <gmd:electronicMailAddress>
                            <gco:CharacterString>info@ANZLIC.org.au</gco:CharacterString>
                          </gmd:electronicMailAddress>
                        </gmd:CI_Address>
                      </gmd:address>
                    </gmd:CI_Contact>
                  </gmd:contactInfo>
                  <gmd:role>
                    <gmd:CI_RoleCode codeList="http://www.isotc211.org/2005/resources/Codelist/gmxCodelist.xml#CI_RoleCode" codeListValue="custodian">custodian</gmd:CI_RoleCode>
                  </gmd:role>
                </gmd:CI_ResponsibleParty>
              </gmd:citedResponsibleParty>
              <gmd:presentationForm>
                <gmd:CI_PresentationFormCode codeList="http://www.isotc211.org/2005/resources/Codelist/gmxCodelist.xml#CI_PresentationFormCode" codeListValue="documentDigital">documentDigital</gmd:CI_PresentationFormCode>
              </gmd:presentationForm>
            </gmd:CI_Citation>
          </gmd:thesaurusName>
        </gmd:MD_Keywords>
      </gmd:descriptiveKeywords>
      <gmd:resourceConstraints>
        <gmd:MD_LegalConstraints>
          <gmd:accessConstraints>
            <gmd:MD_RestrictionCode codeList="http://www.isotc211.org/2005/resources/Codelist/gmxCodelist.xml#MD_RestrictionCode" codeListValue="intellectualPropertyRights">intellectualPropertyRights</gmd:MD_RestrictionCode>
          </gmd:accessConstraints>
          <gmd:useConstraints>
            <gmd:MD_RestrictionCode codeList="http://www.isotc211.org/2005/resources/Codelist/gmxCodelist.xml#MD_RestrictionCode" codeListValue="otherRestrictions">otherRestrictions</gmd:MD_RestrictionCode>
          </gmd:useConstraints>
          <gmd:otherConstraints>
            <gco:CharacterString>The data is available under licence from Spatial Information Infrastructure               in a variety of formats and media.                Licence fees and distribution charges apply</gco:CharacterString>
          </gmd:otherConstraints>
        </gmd:MD_LegalConstraints>
      </gmd:resourceConstraints>
      <gmd:spatialRepresentationType>
        <gmd:MD_SpatialRepresentationTypeCode codeList="http://www.isotc211.org/2005/resources/Codelist/gmxCodelist.xml#MD_SpatialRepresentationTypeCode" codeListValue="vector">vector</gmd:MD_SpatialRepresentationTypeCode>
      </gmd:spatialRepresentationType>
      <gmd:spatialResolution>
        <gmd:MD_Resolution>
          <gmd:distance>
            <gco:Distance uom="meters">25</gco:Distance>
          </gmd:distance>
        </gmd:MD_Resolution>
      </gmd:spatialResolution>
      <gmd:language>
        <gco:CharacterString>eng</gco:CharacterString>
      </gmd:language>
      <gmd:topicCategory>
        <gmd:MD_TopicCategoryCode>boundaries</gmd:MD_TopicCategoryCode>
      </gmd:topicCategory>
      <gmd:environmentDescription>
        <gco:CharacterString>This dataset is maintained by a Spatial Information Infrastructure (SII) contractor.            It is supplied to SII in SII's proprietary Incremental Update Format (IUF) and loaded into ESRI's ArcSDE (Oracle with geometry stored as sde binary)</gco:CharacterString>
      </gmd:environmentDescription>
      <gmd:extent>
        <gmd:EX_Extent>
          <gmd:description>
            <gco:CharacterString>Victoria</gco:CharacterString>
          </gmd:description>
          <gmd:geographicElement>
            <gmd:EX_GeographicBoundingBox>
              <gmd:extentTypeCode>
                <gco:Boolean>1</gco:Boolean>
              </gmd:extentTypeCode>
              <gmd:westBoundLongitude>
                <gco:Decimal>141</gco:Decimal>
              </gmd:westBoundLongitude>
              <gmd:eastBoundLongitude>
                <gco:Decimal>150</gco:Decimal>
              </gmd:eastBoundLongitude>
              <gmd:southBoundLatitude>
                <gco:Decimal>-39</gco:Decimal>
              </gmd:southBoundLatitude>
              <gmd:northBoundLatitude>
                <gco:Decimal>-34</gco:Decimal>
              </gmd:northBoundLatitude>
            </gmd:EX_GeographicBoundingBox>
          </gmd:geographicElement>
          <gmd:geographicElement>
            <gmd:EX_GeographicDescription>
              <gmd:extentTypeCode>
                <gco:Boolean>1</gco:Boolean>
              </gmd:extentTypeCode>
              <gmd:geographicIdentifier>
                <gmd:MD_Identifier>
                  <gmd:authority>
                    <gmd:CI_Citation id="ANZLIC_GEN_states">
                      <gmd:title>
                        <gco:CharacterString>ANZLIC Geographic Extent Name                           Register - States and Territories</gco:CharacterString>
                      </gmd:title>
                      <gmd:date>
                        <gmd:CI_Date>
                          <gmd:date>
                            <gco:Date>2006-10-10</gco:Date>
                          </gmd:date>
                          <gmd:dateType>
                            <gmd:CI_DateTypeCode codeList="http://www.isotc211.org/2005/resources/Codelist/gmxCodelist.xml#CI_DateTypeCode" codeListValue="revision">revision</gmd:CI_DateTypeCode>
                          </gmd:dateType>
                        </gmd:CI_Date>
                      </gmd:date>
                      <gmd:edition>
                        <gco:CharacterString>Version 2</gco:CharacterString>
                      </gmd:edition>
                      <gmd:identifier>
                        <gmd:MD_Identifier>
                          <gmd:code>
                            <gco:CharacterString>http://www.ga.gov.au/anzmeta/gen/anzlic-algens.xml#anzlic-state_territory</gco:CharacterString>
                          </gmd:code>
                        </gmd:MD_Identifier>
                      </gmd:identifier>
                      <gmd:citedResponsibleParty xlink:href="#ANZLIC_Contact" />
                      <gmd:presentationForm>
                        <gmd:CI_PresentationFormCode codeList="http://www.isotc211.org/2005/resources/Codelist/gmxCodelist.xml#CI_PresentationFormCode" codeListValue="documentDigital">documentDigital</gmd:CI_PresentationFormCode>
                      </gmd:presentationForm>
                    </gmd:CI_Citation>
                  </gmd:authority>
                  <gmd:code>
                    <gco:CharacterString>VIC</gco:CharacterString>
                  </gmd:code>
                </gmd:MD_Identifier>
              </gmd:geographicIdentifier>
            </gmd:EX_GeographicDescription>
          </gmd:geographicElement>
        </gmd:EX_Extent>
      </gmd:extent>
      <gmd:extent>
        <gmd:EX_Extent>
          <gmd:description>
            <gco:CharacterString>Data represents localities mapped since mid 2005</gco:CharacterString>
          </gmd:description>
          <gmd:temporalElement>
            <gmd:EX_TemporalExtent>
              <gmd:extent>
                <gml:TimePeriod gml:id="TP01">
                  <gml:beginPosition>2005-05-15</gml:beginPosition>
                  <gml:endPosition indeterminatePosition="now" />
                </gml:TimePeriod>
              </gmd:extent>
            </gmd:EX_TemporalExtent>
          </gmd:temporalElement>
        </gmd:EX_Extent>
      </gmd:extent>
    </gmd:MD_DataIdentification>
  </gmd:identificationInfo>
  <gmd:distributionInfo>
    <gmd:MD_Distribution>
      <gmd:distributionFormat>
        <gmd:MD_Format id="DF01">
          <gmd:name>
            <gco:CharacterString>Most popular formats including ESRI shape, MapInfo Tab and Oracle Spatial</gco:CharacterString>
          </gmd:name>
          <gmd:version>
            <gco:CharacterString>Various</gco:CharacterString>
          </gmd:version>
        </gmd:MD_Format>
      </gmd:distributionFormat>
      <gmd:transferOptions>
        <gmd:MD_DigitalTransferOptions>
          <gmd:onLine>
            <gmd:CI_OnlineResource>
              <gmd:linkage>
                <gmd:URL>http://www.land.vic.gov.au/vicmapdsp</gmd:URL>
              </gmd:linkage>
              <gmd:description>
                <gco:CharacterString>Web page listing Data Service Providers (DSP)s</gco:CharacterString>
              </gmd:description>
            </gmd:CI_OnlineResource>
          </gmd:onLine>
        </gmd:MD_DigitalTransferOptions>
      </gmd:transferOptions>
    </gmd:MD_Distribution>
  </gmd:distributionInfo>
  <gmd:dataQualityInfo>
    <gmd:DQ_DataQuality id="DQ01_ID00">
      <gmd:scope>
        <gmd:DQ_Scope>
          <gmd:level>
            <gmd:MD_ScopeCode codeList="http://www.isotc211.org/2005/resources/Codelist/gmxCodelist.xml#MD_ScopeCode" codeListValue="dataset" codeSpace="domainCode">dataset</gmd:MD_ScopeCode>
          </gmd:level>
          <gmd:levelDescription>
            <gmd:MD_ScopeDescription>
              <gmd:dataset>
                <gco:CharacterString>Localities in Victoria (VMADMIN.LOCALITY_POLYGON)</gco:CharacterString>
              </gmd:dataset>
            </gmd:MD_ScopeDescription>
          </gmd:levelDescription>
        </gmd:DQ_Scope>
      </gmd:scope>
      <!-- ===== at least one of <gmd:report> or at least one of <gmd:lineage> is required ===== -->
      <gmd:report>
        <gmd:DQ_NonQuantitativeAttributeAccuracy>
          <gmd:nameOfMeasure>
            <gco:CharacterString>Valid code Test</gco:CharacterString>
          </gmd:nameOfMeasure>
          <gmd:measureDescription>
            <gco:CharacterString>This measure validates codes/values against the authoritative list published as Vicmap Reference Table LOCALITY.</gco:CharacterString>
          </gmd:measureDescription>
          <gmd:evaluationMethodType>
            <gmd:DQ_EvaluationMethodTypeCode codeList="http://www.isotc211.org/2005/resources/Codelist/gmxCodelist.xml#EvaluationMethodTypeCode" codeListValue="directInternal">directInternal</gmd:DQ_EvaluationMethodTypeCode>
          </gmd:evaluationMethodType>
          <gmd:dateTime>
            <gco:DateTime>2006-11-14T00:00:00</gco:DateTime>
          </gmd:dateTime>
          <gmd:result>
            <gmd:DQ_ConformanceResult>
              <gmd:specification>
                <gmd:CI_Citation>
                  <gmd:title>
                    <gco:CharacterString>Valid code Test</gco:CharacterString>
                  </gmd:title>
                  <gmd:date>
                    <gmd:CI_Date>
                      <gmd:date>
                        <gco:Date>2005-05-15</gco:Date>
                      </gmd:date>
                      <gmd:dateType>
                        <gmd:CI_DateTypeCode codeList="http://www.isotc211.org/2005/resources/Codelist/gmxCodelist.xml#CI_DateTypeCode" codeListValue="revision">revision</gmd:CI_DateTypeCode>
                      </gmd:dateType>
                    </gmd:CI_Date>
                  </gmd:date>
                </gmd:CI_Citation>
              </gmd:specification>
              <gmd:explanation>
                <gco:CharacterString>All LOCALITY_name and GAZETTED_LOCALITY_NAMES are valid.</gco:CharacterString>
              </gmd:explanation>
              <gmd:pass>
                <gco:Boolean>1</gco:Boolean>
              </gmd:pass>
            </gmd:DQ_ConformanceResult>
          </gmd:result>
        </gmd:DQ_NonQuantitativeAttributeAccuracy>
      </gmd:report>
      <gmd:report>
        <gmd:DQ_CompletenessOmission>
          <gmd:nameOfMeasure>
            <gco:CharacterString>Codelist omission</gco:CharacterString>
          </gmd:nameOfMeasure>
          <gmd:measureDescription>
            <gco:CharacterString>This measure ensures all gazetted localities registered in the authoritative list published as Vicmap Reference Table LOCALITY are present in the dataset</gco:CharacterString>
          </gmd:measureDescription>
          <gmd:evaluationMethodType>
            <gmd:DQ_EvaluationMethodTypeCode codeList="http://www.isotc211.org/2005/resources/Codelist/gmxCodelist.xml#EvaluationMethodTypeCode" codeListValue="directInternal">directInternal</gmd:DQ_EvaluationMethodTypeCode>
          </gmd:evaluationMethodType>
          <gmd:dateTime>
            <gco:DateTime>2006-11-13T00:00:00</gco:DateTime>
          </gmd:dateTime>
          <gmd:result>
            <gmd:DQ_ConformanceResult>
              <gmd:specification>
                <gmd:CI_Citation>
                  <gmd:title>
                    <gco:CharacterString>Omitted code Test</gco:CharacterString>
                  </gmd:title>
                  <gmd:date>
                    <gmd:CI_Date>
                      <gmd:date>
                        <gco:Date>2005-05-15</gco:Date>
                      </gmd:date>
                      <gmd:dateType>
                        <gmd:CI_DateTypeCode codeList="http://www.isotc211.org/2005/resources/Codelist/gmxCodelist.xml#CI_DateTypeCode" codeListValue="revision">revision</gmd:CI_DateTypeCode>
                      </gmd:dateType>
                    </gmd:CI_Date>
                  </gmd:date>
                </gmd:CI_Citation>
              </gmd:specification>
              <gmd:explanation>
                <gco:CharacterString>No gazetted localities are missing.</gco:CharacterString>
              </gmd:explanation>
              <gmd:pass>
                <gco:Boolean>1</gco:Boolean>
              </gmd:pass>
            </gmd:DQ_ConformanceResult>
          </gmd:result>
        </gmd:DQ_CompletenessOmission>
      </gmd:report>
      <gmd:report>
        <gmd:DQ_TopologicalConsistency>
          <gmd:nameOfMeasure>
            <gco:CharacterString>Overlapping polygon</gco:CharacterString>
          </gmd:nameOfMeasure>
          <gmd:measureDescription>
            <gco:CharacterString>This measure identifies overlapping polygons</gco:CharacterString>
          </gmd:measureDescription>
          <gmd:evaluationMethodType>
            <gmd:DQ_EvaluationMethodTypeCode codeList="http://www.isotc211.org/2005/resources/Codelist/gmxCodelist.xml#EvaluationMethodTypeCode" codeListValue="directInternal">directInternal</gmd:DQ_EvaluationMethodTypeCode>
          </gmd:evaluationMethodType>
          <gmd:dateTime>
            <gco:DateTime>2006-11-14T00:00:00</gco:DateTime>
          </gmd:dateTime>
          <gmd:result>
            <gmd:DQ_ConformanceResult>
              <gmd:specification>
                <gmd:CI_Citation>
                  <gmd:title>
                    <gco:CharacterString>Overlapping polygon Test</gco:CharacterString>
                  </gmd:title>
                  <gmd:date>
                    <gmd:CI_Date>
                      <gmd:date>
                        <gco:Date>2005-05-15</gco:Date>
                      </gmd:date>
                      <gmd:dateType>
                        <gmd:CI_DateTypeCode codeList="http://www.isotc211.org/2005/resources/Codelist/gmxCodelist.xml#CI_DateTypeCode" codeListValue="revision">revision</gmd:CI_DateTypeCode>
                      </gmd:dateType>
                    </gmd:CI_Date>
                  </gmd:date>
                </gmd:CI_Citation>
              </gmd:specification>
              <gmd:explanation>
                <gco:CharacterString>Five (5) overlapping polygons exist</gco:CharacterString>
              </gmd:explanation>
              <gmd:pass>
                <gco:Boolean>1</gco:Boolean>
              </gmd:pass>
            </gmd:DQ_ConformanceResult>
          </gmd:result>
        </gmd:DQ_TopologicalConsistency>
      </gmd:report>
      <gmd:report>
        <gmd:DQ_ConceptualConsistency>
          <gmd:nameOfMeasure>
            <gco:CharacterString>Feature represented as a single object</gco:CharacterString>
          </gmd:nameOfMeasure>
          <gmd:measureDescription>
            <gco:CharacterString>Each locality must be represented as a single object. Where the locality is represetned by 2 or more parts, the locality feature will be represented as a single object as a multi-part polygon.</gco:CharacterString>
          </gmd:measureDescription>
          <gmd:evaluationMethodType>
            <gmd:DQ_EvaluationMethodTypeCode codeList="http://www.isotc211.org/2005/resources/Codelist/gmxCodelist.xml#EvaluationMethodTypeCode" codeListValue="directInternal">directInternal</gmd:DQ_EvaluationMethodTypeCode>
          </gmd:evaluationMethodType>
          <gmd:dateTime>
            <gco:DateTime>2006-11-10T00:00:00</gco:DateTime>
          </gmd:dateTime>
          <gmd:result>
            <gmd:DQ_ConformanceResult>
              <gmd:specification>
                <gmd:CI_Citation>
                  <gmd:title>
                    <gco:CharacterString>Single feature Test</gco:CharacterString>
                  </gmd:title>
                  <gmd:date>
                    <gmd:CI_Date>
                      <gmd:date>
                        <gco:Date>2005-05-15</gco:Date>
                      </gmd:date>
                      <gmd:dateType>
                        <gmd:CI_DateTypeCode codeList="http://www.isotc211.org/2005/resources/Codelist/gmxCodelist.xml#CI_DateTypeCode" codeListValue="revision">revision</gmd:CI_DateTypeCode>
                      </gmd:dateType>
                    </gmd:CI_Date>
                  </gmd:date>
                </gmd:CI_Citation>
              </gmd:specification>
              <gmd:explanation>
                <gco:CharacterString>All localities are represented as single object.</gco:CharacterString>
              </gmd:explanation>
              <gmd:pass>
                <gco:Boolean>1</gco:Boolean>
              </gmd:pass>
            </gmd:DQ_ConformanceResult>
          </gmd:result>
        </gmd:DQ_ConceptualConsistency>
      </gmd:report>
      <gmd:report>
        <gmd:DQ_AbsoluteExternalPositionalAccuracy>
          <gmd:nameOfMeasure>
            <gco:CharacterString>Absolute external positional accuracy</gco:CharacterString>
          </gmd:nameOfMeasure>
          <gmd:evaluationMethodType>
            <gmd:DQ_EvaluationMethodTypeCode codeList="http://www.isotc211.org/2005/resources/Codelist/gmxCodelist.xml#EvaluationMethodTypeCode" codeListValue="directInternal">directInternal</gmd:DQ_EvaluationMethodTypeCode>
          </gmd:evaluationMethodType>
          <gmd:dateTime>
            <gco:DateTime>2006-11-10T00:00:00</gco:DateTime>
          </gmd:dateTime>
          <gmd:result>
            <gmd:DQ_ConformanceResult>
              <gmd:specification>
                <gmd:CI_Citation>
                  <gmd:title>
                    <gco:CharacterString>Positional accuracy Test</gco:CharacterString>
                  </gmd:title>
                  <gmd:date>
                    <gmd:CI_Date>
                      <gmd:date>
                        <gco:Date>2005-05-15</gco:Date>
                      </gmd:date>
                      <gmd:dateType>
                        <gmd:CI_DateTypeCode codeList="http://www.isotc211.org/2005/resources/Codelist/gmxCodelist.xml#CI_DateTypeCode" codeListValue="revision">revision</gmd:CI_DateTypeCode>
                      </gmd:dateType>
                    </gmd:CI_Date>
                  </gmd:date>
                </gmd:CI_Citation>
              </gmd:specification>
              <gmd:explanation>
                <gco:CharacterString>Varies as per scale of capture of Vicmap Property.                  Vicmap Property is classified as 'BB' accuracy, ie. 90% of well-defined features are within 1mm,                  at plot scale, of their true position, eg. 1:500 equates to +/- 0.5metre and 1:25,000 equates to +/- 25 metres.                  Anecdotal evidence suggests that the spatial accuracy of the major part of the data set,                  at all scales is frequently better than BB.</gco:CharacterString>
              </gmd:explanation>
              <gmd:pass>
                <gco:Boolean>1</gco:Boolean>
              </gmd:pass>
            </gmd:DQ_ConformanceResult>
          </gmd:result>
        </gmd:DQ_AbsoluteExternalPositionalAccuracy>
      </gmd:report>
      <!-- +++++ start <gmd:lineage> +++++ -->
      <gmd:lineage>
        <gmd:LI_Lineage>
          <!-- ===== at least  one of <gmd:statement> [only one allowed] or  one of <gmd:processStep> [multiple allowed] or one of <gmd:source> [multiple allowed] is required ===== -->
          <gmd:statement>
            <gco:CharacterString>Local Government defines suburb, town and rural district boundaries after seeking appropriate consultation with all interested parties.              Proposed boundaries/names are submitted to the Registrar of Geographic Names for approval and formal gazettal.              As boundary and name information changes are processed through the formal definition and gazettal process at the Registrar of Geographic Names, the amendments will be flagged              and the dataset will be updated by the maintainer with all new boundaries aligned to Vicmap Property.</gco:CharacterString>
          </gmd:statement>
          <gmd:source>
            <gmd:LI_Source>
              <gmd:description>
                <gco:CharacterString>Vicmap Property is the principal source of the digital data.                  Its accuracy varies across Victoria with metropolitan Melbourne source data collected at 1:500 scale and rural Victoria data collected at 1:25,000.                  For futher information see the Vicmap Property product specification at http://www.land.vic.gov.au/vicmap.</gco:CharacterString>
              </gmd:description>
            </gmd:LI_Source>
          </gmd:source>
        </gmd:LI_Lineage>
      </gmd:lineage>
    </gmd:DQ_DataQuality>
  </gmd:dataQualityInfo>
</gmd:MD_Metadata>