<?xml version="1.0" encoding="UTF-8"?>
<info version="1.1">
  <general>
    <createDate>2010-02-02T00:00:00</createDate>
    <changeDate>2010-02-02T00:00:00</changeDate>
    <schema>iso19139</schema>
    <isTemplate>n</isTemplate>
    <localId>149</localId>
    <format>full</format>
    <rating>0</rating>
    <popularity>0</popularity>
    <uuid>4e354c56-ac48-45c1-aabb-adbfdfe1813c</uuid>
    <siteId>cdf03fdc-4a77-4278-b765-85aeadd4be35</siteId>
    <siteName>Kenya GDC</siteName>
  </general>
  <categories>
    <category name="datasets" />
  </categories>
  <privileges>
    <group name="intranet">
      <operation name="view" />
      <operation name="download" />
      <operation name="dynamic" />
      <operation name="featured" />
    </group>
    <group name="all">
      <operation name="featured" />
    </group>
    <group name="sample">
      <operation name="view" />
      <operation name="download" />
      <operation name="notify" />
      <operation name="dynamic" />
      <operation name="featured" />
    </group>
  </privileges>
  <public />
  <private />
</info>

