<?xml version="1.0" encoding="UTF-8"?>
<info version="1.1">
  <general>
    <createDate>2019-11-05T06:30:23</createDate>
    <changeDate>2019-11-05T06:30:23</changeDate>
    <schema>iso19139</schema>
    <isTemplate>n</isTemplate>
    <localId>1456</localId>
    <format>full</format>
    <rating>0</rating>
    <popularity>0</popularity>
    <uuid>6f0c1daa-437a-46e7-84e0-4e51d3a0a1c2</uuid>
    <siteId>cdf03fdc-4a77-4278-b765-85aeadd4be35</siteId>
    <siteName>Madini Kenya GDC</siteName>
  </general>
  <categories>
    <category name="datasets" />
  </categories>
  <privileges>
    <group name="Test Group" groupOwner="true">
      <operation name="view" />
      <operation name="notify" />
    </group>
  </privileges>
  <public />
  <private />
</info>

