<?xml version="1.0" encoding="UTF-8"?>
<info version="1.1">
  <general>
    <createDate>2019-11-13T11:22:31</createDate>
    <changeDate>2019-11-13T11:29:10</changeDate>
    <schema>iso19139</schema>
    <isTemplate>n</isTemplate>
    <localId>4329</localId>
    <format>full</format>
    <rating>0</rating>
    <popularity>1</popularity>
    <uuid>16dafd98-17bc-44a6-a7f1-cbfa5b632742</uuid>
    <siteId>cdf03fdc-4a77-4278-b765-85aeadd4be35</siteId>
    <siteName>National Geodata Centre for Kenya</siteName>
  </general>
  <categories>
    <category name="datasets" />
  </categories>
  <privileges>
    <group name="GDC Kenya" groupOwner="true">
      <operation name="view" />
      <operation name="notify" />
    </group>
  </privileges>
  <public />
  <private />
</info>

