<?xml version="1.0" encoding="UTF-8"?>
<info version="1.1">
  <general>
    <createDate>2019-11-04T06:41:40</createDate>
    <changeDate>2019-11-04T06:55:58</changeDate>
    <schema>iso19139</schema>
    <isTemplate>n</isTemplate>
    <localId>162</localId>
    <format>full</format>
    <rating>0</rating>
    <popularity>13</popularity>
    <uuid>f23d2a5a-b440-481c-b22c-107e0438ff36</uuid>
    <siteId>cdf03fdc-4a77-4278-b765-85aeadd4be35</siteId>
    <siteName>Madini Kenya GDC</siteName>
  </general>
  <categories />
  <privileges>
    <group name="Test Group" groupOwner="true">
      <operation name="view" />
      <operation name="notify" />
    </group>
  </privileges>
  <public>
    <file name="Ministry_of_Mining_logo.png" changeDate="2019-11-04T06:55:22" />
  </public>
  <private />
</info>

