<?xml version="1.0" encoding="UTF-8"?>
<info version="1.1">
  <general>
    <createDate>2019-11-05T06:30:21</createDate>
    <changeDate>2019-11-05T06:30:21</changeDate>
    <schema>iso19139</schema>
    <isTemplate>n</isTemplate>
    <localId>1421</localId>
    <format>full</format>
    <rating>0</rating>
    <popularity>0</popularity>
    <uuid>e844b839-0d8f-44dc-9f0b-3ba65d3e0c81</uuid>
    <siteId>cdf03fdc-4a77-4278-b765-85aeadd4be35</siteId>
    <siteName>Madini Kenya GDC</siteName>
  </general>
  <categories>
    <category name="datasets" />
  </categories>
  <privileges>
    <group name="Test Group" groupOwner="true">
      <operation name="view" />
      <operation name="notify" />
    </group>
  </privileges>
  <public />
  <private />
</info>

