<?xml version="1.0" encoding="UTF-8"?>
<info version="1.1">
  <general>
    <createDate>2019-11-04T04:56:55</createDate>
    <changeDate>2019-11-04T04:56:55</changeDate>
    <schema>iso19115-3.2018</schema>
    <isTemplate>y</isTemplate>
    <localId>134</localId>
    <format>full</format>
    <rating>0</rating>
    <popularity>0</popularity>
    <uuid>5815fb33-0d84-4891-8c74-c94ad0ad60db</uuid>
    <siteId>cdf03fdc-4a77-4278-b765-85aeadd4be35</siteId>
    <siteName>Kenya GDC</siteName>
  </general>
  <categories />
  <privileges>
    <group name="intranet" groupOwner="true">
      <operation name="notify" />
    </group>
  </privileges>
  <public />
  <private />
</info>

