<?xml version="1.0" encoding="UTF-8"?>
<info version="1.1">
  <general>
    <createDate>2019-11-05T07:05:03</createDate>
    <changeDate>2019-11-05T07:05:03</changeDate>
    <schema>iso19139</schema>
    <isTemplate>n</isTemplate>
    <localId>2740</localId>
    <format>full</format>
    <rating>0</rating>
    <popularity>0</popularity>
    <uuid>cb1f9077-9131-4021-b7b8-80d89e7d6f32</uuid>
    <siteId>cdf03fdc-4a77-4278-b765-85aeadd4be35</siteId>
    <siteName>National Geodata Centre for Kenya</siteName>
  </general>
  <categories>
    <category name="datasets" />
  </categories>
  <privileges>
    <group name="all">
      <operation name="view" />
      <operation name="download" />
      <operation name="dynamic" />
    </group>
    <group name="Test Group" groupOwner="true">
      <operation name="view" />
      <operation name="notify" />
    </group>
  </privileges>
  <public />
  <private />
</info>

