<?xml version="1.0" encoding="UTF-8"?>
<info version="1.1">
  <general>
    <createDate>2019-11-04T10:51:05</createDate>
    <changeDate>2019-11-04T10:51:05</changeDate>
    <schema>iso19139</schema>
    <isTemplate>n</isTemplate>
    <localId>618</localId>
    <format>full</format>
    <rating>0</rating>
    <popularity>0</popularity>
    <uuid>b4fb6d39-db45-4104-b5f2-a3e5539d6295</uuid>
    <siteId>cdf03fdc-4a77-4278-b765-85aeadd4be35</siteId>
    <siteName>Madini Kenya GDC</siteName>
  </general>
  <categories>
    <category name="datasets" />
  </categories>
  <privileges>
    <group name="all">
      <operation name="view" />
      <operation name="download" />
      <operation name="dynamic" />
    </group>
    <group name="Test Group" groupOwner="true">
      <operation name="view" />
      <operation name="notify" />
    </group>
  </privileges>
  <public />
  <private />
</info>

