<?xml version="1.0" encoding="UTF-8"?>
<gmd:MD_Metadata xmlns:gmd="http://www.isotc211.org/2005/gmd" xmlns:gco="http://www.isotc211.org/2005/gco" xmlns:gml="http://www.opengis.net/gml/3.2" xmlns:gmx="http://www.isotc211.org/2005/gmx" xmlns:gsr="http://www.isotc211.org/2005/gsr" xmlns:gss="http://www.isotc211.org/2005/gss" xmlns:gts="http://www.isotc211.org/2005/gts" xmlns:srv="http://www.isotc211.org/2005/srv" xmlns:xlink="http://www.w3.org/1999/xlink" xmlns:geonet="http://www.fao.org/geonetwork" xmlns:xsi="http://www.w3.org/2001/XMLSchema-instance" xsi:schemaLocation="http://www.isotc211.org/2005/gmd http://inspire.ec.europa.eu/draft-schemas/inspire-md-schemas/apiso-inspire/apiso-inspire.xsd">
  <gmd:fileIdentifier>
    <gco:CharacterString>6a330346-2e1a-45b5-a53d-81cfd24b9d32</gco:CharacterString>
  </gmd:fileIdentifier>
  <gmd:language>
    <gmd:LanguageCode codeList="ML_gmxCodelists.xml#LanguageCode" codeListValue="eng">English</gmd:LanguageCode>
  </gmd:language>
  <gmd:parentIdentifier>
    <gco:CharacterString>Airborne Geophysical Survey</gco:CharacterString>
  </gmd:parentIdentifier>
  <gmd:hierarchyLevel>
    <gmd:MD_ScopeCode codeList="gmxCodelists.xml#MD_ScopeCode" codeListValue="dataset">dataset</gmd:MD_ScopeCode>
  </gmd:hierarchyLevel>
  <gmd:contact>
    <gmd:CI_ResponsibleParty>
      <gmd:individualName>
        <gco:CharacterString>ELEWIS</gco:CharacterString>
      </gmd:individualName>
      <gmd:contactInfo />
      <gmd:role>
        <gmd:CI_RoleCode codeList="gmxCodelists.xml#CI_RoleCode" codeListValue="pointOfContact">pointOfContact</gmd:CI_RoleCode>
      </gmd:role>
    </gmd:CI_ResponsibleParty>
  </gmd:contact>
  <gmd:dateStamp>
    <gco:Date>2019-10-17</gco:Date>
  </gmd:dateStamp>
  <gmd:metadataStandardName>
    <gco:CharacterString>Edds ODA standard</gco:CharacterString>
  </gmd:metadataStandardName>
  <gmd:metadataStandardVersion>
    <gco:CharacterString>0.1</gco:CharacterString>
  </gmd:metadataStandardVersion>
  <gmd:referenceSystemInfo>
    <gmd:MD_ReferenceSystem>
      <gmd:referenceSystemIdentifier>
        <gmd:RS_Identifier>
          <gmd:code>
            <gco:CharacterString />
          </gmd:code>
        </gmd:RS_Identifier>
      </gmd:referenceSystemIdentifier>
    </gmd:MD_ReferenceSystem>
  </gmd:referenceSystemInfo>
  <gmd:identificationInfo>
    <gmd:MD_DataIdentification id="IAR_KEN_200">
      <gmd:citation>
        <gmd:CI_Citation>
          <gmd:title>
            <gco:CharacterString>Sheet 36 Total Magnetic Intensity Contour Map</gco:CharacterString>
          </gmd:title>
          <gmd:date>
            <gmd:CI_Date>
              <gmd:date>
                <gco:Date>1982</gco:Date>
              </gmd:date>
              <gmd:dateType>
                <gmd:CI_DateTypeCode codeList="gmxCodelists.xml#CI_DateTypeCode" codeListValue="publication">Date of publication</gmd:CI_DateTypeCode>
              </gmd:dateType>
            </gmd:CI_Date>
          </gmd:date>
          <gmd:edition>
            <gco:CharacterString>1</gco:CharacterString>
          </gmd:edition>
          <gmd:presentationForm>
            <gmd:CI_PresentationFormCode codeList="gmxCodelists.xml#CI_PresentationFormCode" codeListValue="mapDigital">mapDigital</gmd:CI_PresentationFormCode>
          </gmd:presentationForm>
          <gmd:otherCitationDetails gco:nilReason="inapplicable" />
          <gmd:collectiveTitle>
            <gco:CharacterString>Airborne Geophysical Survey</gco:CharacterString>
          </gmd:collectiveTitle>
        </gmd:CI_Citation>
      </gmd:citation>
      <gmd:abstract>
        <gco:CharacterString>Sheet 36 Total Magnetic Intensity Contour Map</gco:CharacterString>
      </gmd:abstract>
      <gmd:status>
        <gmd:MD_ProgressCode codeList="gmxCodelists.xml#MD_ProgressCode" codeListValue="completed" />
      </gmd:status>
      <gmd:pointOfContact xlink:title="Author">
        <gmd:CI_ResponsibleParty>
          <gmd:individualName>
            <gco:CharacterString />
          </gmd:individualName>
          <gmd:role>
            <gmd:CI_RoleCode codeList="gmxCodelists.xml#CI_RoleCode" codeListValue="author">Author</gmd:CI_RoleCode>
          </gmd:role>
        </gmd:CI_ResponsibleParty>
      </gmd:pointOfContact>
      <gmd:pointOfContact xlink:title="Publisher">
        <gmd:CI_ResponsibleParty>
          <gmd:organisationName>
            <gco:CharacterString>Ministry of Mines and Natural Resources (Mines and Geological Department)</gco:CharacterString>
          </gmd:organisationName>
          <gmd:contactInfo>
            <gmd:CI_Contact>
              <gmd:address>
                <gmd:CI_Address>
                  <gmd:administrativeArea>
                    <gco:CharacterString />
                  </gmd:administrativeArea>
                </gmd:CI_Address>
              </gmd:address>
            </gmd:CI_Contact>
          </gmd:contactInfo>
          <gmd:role>
            <gmd:CI_RoleCode codeList="gmxCodelists.xml#CI_RoleCode" codeListValue="publisher">Publisher</gmd:CI_RoleCode>
          </gmd:role>
        </gmd:CI_ResponsibleParty>
      </gmd:pointOfContact>
      <gmd:pointOfContact xlink:title="Custodian">
        <gmd:CI_ResponsibleParty>
          <gmd:organisationName>
            <gco:CharacterString>Ministry of Mines and Natural Resources (Mines and Geological Department)</gco:CharacterString>
          </gmd:organisationName>
          <gmd:role>
            <gmd:CI_RoleCode codeList="gmxCodelists.xml#CI_RoleCode" codeListValue="custodian">Custodian</gmd:CI_RoleCode>
          </gmd:role>
        </gmd:CI_ResponsibleParty>
      </gmd:pointOfContact>
      <gmd:pointOfContact xlink:title="PointOfContact">
        <gmd:CI_ResponsibleParty>
          <gmd:organisationName>
            <gco:CharacterString />
          </gmd:organisationName>
          <gmd:role>
            <gmd:CI_RoleCode codeList="gmxCodelists.xml#CI_RoleCode" codeListValue="pointOfContact">Point of Contact</gmd:CI_RoleCode>
          </gmd:role>
        </gmd:CI_ResponsibleParty>
      </gmd:pointOfContact>
      <gmd:pointOfContact xlink:title="Owner">
        <gmd:CI_ResponsibleParty>
          <gmd:individualName>
            <gco:CharacterString />
          </gmd:individualName>
          <gmd:role>
            <gmd:CI_RoleCode codeList="gmxCodelists.xml#CI_RoleCode" codeListValue="owner">Owner</gmd:CI_RoleCode>
          </gmd:role>
        </gmd:CI_ResponsibleParty>
      </gmd:pointOfContact>
      <gmd:resourceMaintenance>
        <gmd:MD_MaintenanceInformation>
          <gmd:maintenanceAndUpdateFrequency>
            <gmd:MD_MaintenanceFrequencyCode codeList="gmxCodelists.xml#MD_MaintenanceFrequencyCode" codeListValue="" />
          </gmd:maintenanceAndUpdateFrequency>
        </gmd:MD_MaintenanceInformation>
      </gmd:resourceMaintenance>
      <gmd:graphicOverview>
        <gmd:MD_BrowseGraphic>
          <gmd:fileName>
            <gco:CharacterString>http://www.sciencekids.co.nz/images/pictures/flags680/Kenya.jpg</gco:CharacterString>
          </gmd:fileName>
          <gmd:fileDescription>
            <gco:CharacterString>Natioanl flag of Kenya</gco:CharacterString>
          </gmd:fileDescription>
          <gmd:fileType>
            <gco:CharacterString>JPEG</gco:CharacterString>
          </gmd:fileType>
        </gmd:MD_BrowseGraphic>
      </gmd:graphicOverview>
      <gmd:descriptiveKeywords>
        <gmd:MD_Keywords>
          <gmd:keyword>
            <gco:CharacterString>Geophysics</gco:CharacterString>
          </gmd:keyword>
        </gmd:MD_Keywords>
      </gmd:descriptiveKeywords>
      <gmd:resourceConstraints xlink:title="Limitations/Use_constraints">
        <gmd:MD_Constraints>
          <gmd:useLimitation>
            <gco:CharacterString>Internal Only</gco:CharacterString>
          </gmd:useLimitation>
        </gmd:MD_Constraints>
      </gmd:resourceConstraints>
      <gmd:resourceConstraints xlink:title="Limitations/Access constraints">
        <gmd:MD_LegalConstraints>
          <gmd:accessConstraints>
            <gmd:MD_RestrictionCode codeList="gmxCodelists.xml#MD_RestrictionCode" codeListValue="otherRestrictions" />
          </gmd:accessConstraints>
          <gmd:otherConstraints>
            <gco:CharacterString>Internal Only</gco:CharacterString>
          </gmd:otherConstraints>
        </gmd:MD_LegalConstraints>
      </gmd:resourceConstraints>
      <gmd:resourceConstraints xlink:title="Conditions/Licence/Restriction Code">
        <gmd:MD_LegalConstraints>
          <gmd:useConstraints gco:nilReason="missing" />
          <gmd:otherConstraints>
            <gmx:Anchor xlink:href="#">No specifed conditions apply</gmx:Anchor>
          </gmd:otherConstraints>
        </gmd:MD_LegalConstraints>
      </gmd:resourceConstraints>
      <gmd:spatialResolution>
        <gmd:MD_Resolution>
          <gmd:equivalentScale>
            <gmd:MD_RepresentativeFraction>
              <gmd:denominator>
                <gco:Integer>125000</gco:Integer>
              </gmd:denominator>
            </gmd:MD_RepresentativeFraction>
          </gmd:equivalentScale>
        </gmd:MD_Resolution>
      </gmd:spatialResolution>
      <gmd:language>
        <gmd:LanguageCode codeList="http://www.loc.gov/standards/iso639-2/php/code_list.php" codeListValue="eng">English</gmd:LanguageCode>
      </gmd:language>
      <gmd:topicCategory>
        <gmd:MD_TopicCategoryCode>geoscientificInformation</gmd:MD_TopicCategoryCode>
      </gmd:topicCategory>
      <gmd:extent>
        <gmd:EX_Extent>
          <gmd:temporalElement>
            <gmd:EX_TemporalExtent>
              <gmd:extent>
                <gml:TimePeriod gml:id="tp_1">
                  <gml:beginPosition>1981</gml:beginPosition>
                  <gml:endPosition>1982</gml:endPosition>
                </gml:TimePeriod>
              </gmd:extent>
            </gmd:EX_TemporalExtent>
          </gmd:temporalElement>
        </gmd:EX_Extent>
      </gmd:extent>
      <gmd:extent>
        <gmd:EX_Extent>
          <gmd:description>
            <gco:CharacterString>North East Kenya</gco:CharacterString>
          </gmd:description>
        </gmd:EX_Extent>
      </gmd:extent>
      <gmd:supplementalInformation>
        <gco:CharacterString><![CDATA[{"Translation Needs":"",
"Number of pages (Hardcopy)":"",
"Archive Location (Hardcopy)":"",
"Location in Archive (Hardcopy)":"",
"Risk and Impact":"",
"Vital asset to the organisation?":"",
"Current Asset Volume":"3.43",
"Digitalizing status":"Scanned",
"Scanned Date":"",
"Name of Staff Scanning":"",
"Digital Asset location":"W:\SpatialData\Raster\Geological\Airborne_Geophysical_Survey\North_East_Kenya\Sheet_36_Total_Magnetic_Intensity_Contour_Map.jpg",
"Retention period":"",
"Shared with":"",
"Comments":""}]]></gco:CharacterString>
      </gmd:supplementalInformation>
    </gmd:MD_DataIdentification>
  </gmd:identificationInfo>
  <gmd:distributionInfo>
    <gmd:MD_Distribution>
      <gmd:distributionFormat>
        <gmd:MD_Format>
          <gmd:name>
            <gco:CharacterString>.jpg</gco:CharacterString>
          </gmd:name>
          <gmd:version gco:nilReason="unknown" />
        </gmd:MD_Format>
      </gmd:distributionFormat>
    </gmd:MD_Distribution>
  </gmd:distributionInfo>
  <gmd:dataQualityInfo>
    <gmd:DQ_DataQuality>
      <gmd:scope gco:nilReason="unknown" />
      <gmd:lineage>
        <gmd:LI_Lineage>
          <gmd:statement>
            <gco:CharacterString>This data was captured as a stand alone project. The survey was flown by the West German companyGeosurvey International G.m.b.H. This surver data has not been revisted or updated and is stored as scanned versions of the original paper maps.</gco:CharacterString>
          </gmd:statement>
        </gmd:LI_Lineage>
      </gmd:lineage>
    </gmd:DQ_DataQuality>
  </gmd:dataQualityInfo>
</gmd:MD_Metadata>