<?xml version="1.0" encoding="UTF-8"?>
<gmd:MD_Metadata xmlns:gmd="http://www.isotc211.org/2005/gmd" xmlns:xsi="http://www.w3.org/2001/XMLSchema-instance" xmlns:gco="http://www.isotc211.org/2005/gco" xmlns:srv="http://www.isotc211.org/2005/srv" xmlns:gmx="http://www.isotc211.org/2005/gmx" xmlns:gts="http://www.isotc211.org/2005/gts" xmlns:gsr="http://www.isotc211.org/2005/gsr" xmlns:gmi="http://www.isotc211.org/2005/gmi" xmlns:gml="http://www.opengis.net/gml" xmlns:xlink="http://www.w3.org/1999/xlink" xmlns:geonet="http://www.fao.org/geonetwork" xsi:schemaLocation="http://www.isotc211.org/2005/gmd http://inspire.ec.europa.eu/draft-schemas/inspire-md-schemas/apiso-inspire/apiso-inspire.xsd">
  <gmd:fileIdentifier>
    <gco:CharacterString>a1c87bdb-ee66-412d-92f2-86158f638365</gco:CharacterString>
  </gmd:fileIdentifier>
  <gmd:language xmlns:gss="http://www.isotc211.org/2005/gss" xmlns:gml="http://www.opengis.net/gml/3.2">
    <gmd:LanguageCode codeList="http://www.loc.gov/standards/iso639-2/" codeListValue="eng" />
  </gmd:language>
  <gmd:parentIdentifier xmlns:gss="http://www.isotc211.org/2005/gss" xmlns:gml="http://www.opengis.net/gml/3.2">
    <gco:CharacterString>Y633 (1: 100 000 scale) Topographic Map Series</gco:CharacterString>
  </gmd:parentIdentifier>
  <gmd:hierarchyLevel xmlns:gss="http://www.isotc211.org/2005/gss" xmlns:gml="http://www.opengis.net/gml/3.2">
    <gmd:MD_ScopeCode codeList="http://standards.iso.org/iso/19139/resources/gmxCodelists.xml#MD_ScopeCode" codeListValue="dataset" />
  </gmd:hierarchyLevel>
  <gmd:contact xmlns:gss="http://www.isotc211.org/2005/gss" xmlns:gml="http://www.opengis.net/gml/3.2">
    <gmd:CI_ResponsibleParty>
      <gmd:individualName>
        <gco:CharacterString>ELEWIS</gco:CharacterString>
      </gmd:individualName>
      <gmd:contactInfo />
      <gmd:role>
        <gmd:CI_RoleCode codeList="http://standards.iso.org/iso/19139/resources/gmxCodelists.xml#CI_RoleCode" codeListValue="pointOfContact" />
      </gmd:role>
    </gmd:CI_ResponsibleParty>
  </gmd:contact>
  <gmd:dateStamp xmlns:gss="http://www.isotc211.org/2005/gss" xmlns:gml="http://www.opengis.net/gml/3.2">
    <gco:DateTime>2019-11-12T07:49:05</gco:DateTime>
  </gmd:dateStamp>
  <gmd:metadataStandardName xmlns:gss="http://www.isotc211.org/2005/gss" xmlns:gml="http://www.opengis.net/gml/3.2">
    <gco:CharacterString>Edds ODA standard</gco:CharacterString>
  </gmd:metadataStandardName>
  <gmd:metadataStandardVersion xmlns:gss="http://www.isotc211.org/2005/gss" xmlns:gml="http://www.opengis.net/gml/3.2">
    <gco:CharacterString>0.1</gco:CharacterString>
  </gmd:metadataStandardVersion>
  <gmd:referenceSystemInfo xmlns:gss="http://www.isotc211.org/2005/gss" xmlns:gml="http://www.opengis.net/gml/3.2">
    <gmd:MD_ReferenceSystem>
      <gmd:referenceSystemIdentifier>
        <gmd:RS_Identifier>
          <gmd:code>
            <gco:CharacterString>Transverse Mercator, Clarke 1880</gco:CharacterString>
          </gmd:code>
        </gmd:RS_Identifier>
      </gmd:referenceSystemIdentifier>
    </gmd:MD_ReferenceSystem>
  </gmd:referenceSystemInfo>
  <gmd:identificationInfo xmlns:gss="http://www.isotc211.org/2005/gss" xmlns:gml="http://www.opengis.net/gml/3.2">
    <gmd:MD_DataIdentification id="IAR_KEN_658">
      <gmd:citation>
        <gmd:CI_Citation>
          <gmd:title>
            <gco:CharacterString>2 Lokitipi</gco:CharacterString>
          </gmd:title>
          <gmd:date>
            <gmd:CI_Date>
              <gmd:date>
                <gco:Date>1960</gco:Date>
              </gmd:date>
              <gmd:dateType>
                <gmd:CI_DateTypeCode codeList="http://standards.iso.org/iso/19139/resources/gmxCodelists.xml#CI_DateTypeCode" codeListValue="publication" />
              </gmd:dateType>
            </gmd:CI_Date>
          </gmd:date>
          <gmd:edition>
            <gco:CharacterString>1-GSGS</gco:CharacterString>
          </gmd:edition>
          <gmd:presentationForm>
            <gmd:CI_PresentationFormCode codeList="http://standards.iso.org/iso/19139/resources/gmxCodelists.xml#CI_PresentationFormCode" codeListValue="mapDigital" />
          </gmd:presentationForm>
          <gmd:otherCitationDetails gco:nilReason="inapplicable" />
          <gmd:collectiveTitle>
            <gco:CharacterString>Y633 (1: 100 000 scale) Topographic Map Series</gco:CharacterString>
          </gmd:collectiveTitle>
        </gmd:CI_Citation>
      </gmd:citation>
      <gmd:abstract>
        <gco:CharacterString>Series of 1: 100 000 scale topographic maps pubished between 1958 and 1978. Data was collated and published by War office and Air Ministry (United Kingdom) subsequently Ministry of Defence (United Kingdom)[GSGS]; Survey Kenya [SK]; Directorate of Overseas Surveys for the Kenya Government [D.O.S.] .
Maps are projected using the East African Grids (Transverse Mercator(Clarke 1880); Arc (1960) (Clarke 1880). A small number of the maps are shown as using Arc (1950) (Clarke 1880) however, this dataum is usually used for map in Botswana, Malawi, Zambia and Zimbabwe. The map references for the sheets indicated  to be in Arc (1950) (Clarke 1880) have been flagged to indicate this. Publishers: G.S.G.S. British War Office and Air Ministry/Ministry of Defence (United Kingdom); D.O.S. Directorate of Overseas Surveys for the Kenya Government; S.K Survey Kenya</gco:CharacterString>
      </gmd:abstract>
      <gmd:status>
        <gmd:MD_ProgressCode codeList="http://standards.iso.org/iso/19139/resources/gmxCodelists.xml#MD_ProgressCode" codeListValue="completed" />
      </gmd:status>
      <gmd:pointOfContact xlink:title="Author">
        <gmd:CI_ResponsibleParty>
          <gmd:individualName gco:nilReason="missing">
            <gco:CharacterString />
          </gmd:individualName>
          <gmd:role>
            <gmd:CI_RoleCode codeList="http://standards.iso.org/iso/19139/resources/gmxCodelists.xml#CI_RoleCode" codeListValue="author" />
          </gmd:role>
        </gmd:CI_ResponsibleParty>
      </gmd:pointOfContact>
      <gmd:pointOfContact xlink:title="Publisher">
        <gmd:CI_ResponsibleParty>
          <gmd:organisationName gco:nilReason="missing">
            <gco:CharacterString />
          </gmd:organisationName>
          <gmd:contactInfo>
            <gmd:CI_Contact>
              <gmd:address>
                <gmd:CI_Address>
                  <gmd:administrativeArea gco:nilReason="missing">
                    <gco:CharacterString />
                  </gmd:administrativeArea>
                </gmd:CI_Address>
              </gmd:address>
            </gmd:CI_Contact>
          </gmd:contactInfo>
          <gmd:role>
            <gmd:CI_RoleCode codeList="http://standards.iso.org/iso/19139/resources/gmxCodelists.xml#CI_RoleCode" codeListValue="publisher" />
          </gmd:role>
        </gmd:CI_ResponsibleParty>
      </gmd:pointOfContact>
      <gmd:pointOfContact xlink:title="Custodian">
        <gmd:CI_ResponsibleParty>
          <gmd:organisationName>
            <gco:CharacterString>Ministry of Mines and Natural Resources (Mines and Geological Department)</gco:CharacterString>
          </gmd:organisationName>
          <gmd:role>
            <gmd:CI_RoleCode codeList="http://standards.iso.org/iso/19139/resources/gmxCodelists.xml#CI_RoleCode" codeListValue="custodian" />
          </gmd:role>
        </gmd:CI_ResponsibleParty>
      </gmd:pointOfContact>
      <gmd:pointOfContact xlink:title="PointOfContact">
        <gmd:CI_ResponsibleParty>
          <gmd:organisationName>
            <gco:CharacterString>Ministry of Mines and Natural Resources (Mines and Geological Department)</gco:CharacterString>
          </gmd:organisationName>
          <gmd:role>
            <gmd:CI_RoleCode codeList="http://standards.iso.org/iso/19139/resources/gmxCodelists.xml#CI_RoleCode" codeListValue="pointOfContact" />
          </gmd:role>
        </gmd:CI_ResponsibleParty>
      </gmd:pointOfContact>
      <gmd:pointOfContact xlink:title="Owner">
        <gmd:CI_ResponsibleParty>
          <gmd:individualName gco:nilReason="missing">
            <gco:CharacterString />
          </gmd:individualName>
          <gmd:role>
            <gmd:CI_RoleCode codeList="http://standards.iso.org/iso/19139/resources/gmxCodelists.xml#CI_RoleCode" codeListValue="owner" />
          </gmd:role>
        </gmd:CI_ResponsibleParty>
      </gmd:pointOfContact>
      <gmd:resourceMaintenance>
        <gmd:MD_MaintenanceInformation>
          <gmd:maintenanceAndUpdateFrequency>
            <gmd:MD_MaintenanceFrequencyCode codeList="http://standards.iso.org/iso/19139/resources/gmxCodelists.xml#MD_MaintenanceFrequencyCode" codeListValue="unknown" />
          </gmd:maintenanceAndUpdateFrequency>
        </gmd:MD_MaintenanceInformation>
      </gmd:resourceMaintenance>
      <gmd:graphicOverview>
        <gmd:MD_BrowseGraphic>
          <gmd:fileName>
            <gco:CharacterString>http://gdcs1.gdc.com/SpatialData/Raster/Topographic/Scale_1_100000_Series_Y633/2_Lokitipi_Thumb.jpg</gco:CharacterString>
          </gmd:fileName>
          <gmd:fileDescription>
            <gco:CharacterString>Thumbail</gco:CharacterString>
          </gmd:fileDescription>
          <gmd:fileType>
            <gco:CharacterString>JPEG</gco:CharacterString>
          </gmd:fileType>
        </gmd:MD_BrowseGraphic>
      </gmd:graphicOverview>
      <gmd:descriptiveKeywords>
        <gmd:MD_Keywords>
          <gmd:keyword>
            <gco:CharacterString>Topography</gco:CharacterString>
          </gmd:keyword>
          <gmd:keyword>
            <gco:CharacterString>100k</gco:CharacterString>
          </gmd:keyword>
        </gmd:MD_Keywords>
      </gmd:descriptiveKeywords>
      <gmd:resourceConstraints xlink:title="Limitations/Use_constraints">
        <gmd:MD_Constraints>
          <gmd:useLimitation>
            <gco:CharacterString>Internal Only</gco:CharacterString>
          </gmd:useLimitation>
        </gmd:MD_Constraints>
      </gmd:resourceConstraints>
      <gmd:resourceConstraints xlink:title="Limitations/Access constraints">
        <gmd:MD_LegalConstraints>
          <gmd:accessConstraints>
            <gmd:MD_RestrictionCode codeList="http://standards.iso.org/iso/19139/resources/gmxCodelists.xml#MD_RestrictionCode" codeListValue="otherRestrictions" />
          </gmd:accessConstraints>
          <gmd:otherConstraints>
            <gco:CharacterString>Internal Only</gco:CharacterString>
          </gmd:otherConstraints>
        </gmd:MD_LegalConstraints>
      </gmd:resourceConstraints>
      <gmd:resourceConstraints xlink:title="Conditions/Licence/Restriction Code">
        <gmd:MD_LegalConstraints>
          <gmd:useConstraints gco:nilReason="missing" />
          <gmd:otherConstraints>
            <gmx:Anchor xlink:href="#">No specifed conditions apply</gmx:Anchor>
          </gmd:otherConstraints>
        </gmd:MD_LegalConstraints>
      </gmd:resourceConstraints>
      <gmd:spatialResolution>
        <gmd:MD_Resolution>
          <gmd:equivalentScale>
            <gmd:MD_RepresentativeFraction>
              <gmd:denominator>
                <gco:Integer>100000</gco:Integer>
              </gmd:denominator>
            </gmd:MD_RepresentativeFraction>
          </gmd:equivalentScale>
        </gmd:MD_Resolution>
      </gmd:spatialResolution>
      <gmd:language>
        <gmd:LanguageCode codeList="http://www.loc.gov/standards/iso639-2/" codeListValue="eng" />
      </gmd:language>
      <gmd:topicCategory>
        <gmd:MD_TopicCategoryCode>imageryBaseMapsEarthCover</gmd:MD_TopicCategoryCode>
      </gmd:topicCategory>
      <gmd:extent>
        <gmd:EX_Extent>
          <gmd:temporalElement gco:nilReason="unknown" />
        </gmd:EX_Extent>
      </gmd:extent>
      <gmd:extent>
        <gmd:EX_Extent>
          <gmd:description>
            <gco:CharacterString>Lokitipi area</gco:CharacterString>
          </gmd:description>
        </gmd:EX_Extent>
      </gmd:extent>
      <gmd:supplementalInformation>
        <gco:CharacterString>{"Translation Needs":"",
"Number of pages (Hardcopy)":"",
"Archive Location (Hardcopy)":"",
"Location in Archive (Hardcopy)":"",
"Risk and Impact":"",
"Vital asset to the organisation?":"",
"Current Asset Volume":"4.83",
"Digitalizing status":"Scanned",
"Scanned Date":"",
"Name of Staff Scanning":"",
"Digital Asset location":"W:\SpatialData\Raster\Topographic\Scale_1_100000_Series_Y633\2_Lokitipi.jpg",
"Retention period":"",
"Shared with":"",
"Comments":""}</gco:CharacterString>
      </gmd:supplementalInformation>
    </gmd:MD_DataIdentification>
  </gmd:identificationInfo>
  <gmd:distributionInfo xmlns:gss="http://www.isotc211.org/2005/gss" xmlns:gml="http://www.opengis.net/gml/3.2">
    <gmd:MD_Distribution>
      <gmd:distributionFormat>
        <gmd:MD_Format>
          <gmd:name>
            <gco:CharacterString>.jpg</gco:CharacterString>
          </gmd:name>
          <gmd:version gco:nilReason="unknown" />
        </gmd:MD_Format>
      </gmd:distributionFormat>
    </gmd:MD_Distribution>
  </gmd:distributionInfo>
  <gmd:dataQualityInfo xmlns:gss="http://www.isotc211.org/2005/gss" xmlns:gml="http://www.opengis.net/gml/3.2">
    <gmd:DQ_DataQuality>
      <gmd:scope gco:nilReason="unknown" />
      <gmd:lineage>
        <gmd:LI_Lineage>
          <gmd:statement>
            <gco:CharacterString>The majority of this map series are version 1 copies, a small number have been revised and republished these carry a subsequent version number. No further revisons or republished versions have been identified.</gco:CharacterString>
          </gmd:statement>
        </gmd:LI_Lineage>
      </gmd:lineage>
    </gmd:DQ_DataQuality>
  </gmd:dataQualityInfo>
</gmd:MD_Metadata>