<?xml version="1.0" encoding="UTF-8"?>
<info version="1.1">
  <general>
    <createDate>2019-11-05T06:30:17</createDate>
    <changeDate>2019-11-05T06:30:17</changeDate>
    <schema>iso19139</schema>
    <isTemplate>n</isTemplate>
    <localId>1361</localId>
    <format>full</format>
    <rating>0</rating>
    <popularity>0</popularity>
    <uuid>ae39b70b-c16e-4687-ab61-0f5b6db842ad</uuid>
    <siteId>cdf03fdc-4a77-4278-b765-85aeadd4be35</siteId>
    <siteName>Madini Kenya GDC</siteName>
  </general>
  <categories>
    <category name="datasets" />
  </categories>
  <privileges>
    <group name="Test Group" groupOwner="true">
      <operation name="view" />
      <operation name="notify" />
    </group>
  </privileges>
  <public />
  <private />
</info>

