<?xml version="1.0" encoding="UTF-8"?>
<info version="1.1">
  <general>
    <createDate>2007-07-19T14:45:07</createDate>
    <changeDate>2007-11-06T12:13:00</changeDate>
    <schema>iso19139</schema>
    <isTemplate>n</isTemplate>
    <localId>153</localId>
    <format>full</format>
    <rating>0</rating>
    <popularity>0</popularity>
    <uuid>da165110-88fd-11da-a88f-000d939bc5d8</uuid>
    <siteId>cdf03fdc-4a77-4278-b765-85aeadd4be35</siteId>
    <siteName>Kenya GDC</siteName>
  </general>
  <categories>
    <category name="maps" />
    <category name="datasets" />
    <category name="interactiveResources" />
  </categories>
  <privileges>
    <group name="intranet">
      <operation name="view" />
      <operation name="download" />
      <operation name="dynamic" />
      <operation name="featured" />
    </group>
    <group name="all">
      <operation name="featured" />
    </group>
    <group name="sample">
      <operation name="view" />
      <operation name="download" />
      <operation name="editing" />
      <operation name="notify" />
      <operation name="dynamic" />
      <operation name="featured" />
    </group>
  </privileges>
  <public>
    <file name="thumbnail_s.gif" changeDate="2007-07-19T15:01:54" />
    <file name="thumbnail.gif" changeDate="2007-07-19T15:27:10" />
  </public>
  <private>
    <file name="basins.zip" changeDate="2007-07-25T11:43:13" />
  </private>
</info>

