<?xml version="1.0" encoding="UTF-8"?>
<gmd:MD_Metadata xmlns:gmd="http://www.isotc211.org/2005/gmd" xmlns:gco="http://www.isotc211.org/2005/gco" xmlns:gml="http://www.opengis.net/gml/3.2" xmlns:gmx="http://www.isotc211.org/2005/gmx" xmlns:gsr="http://www.isotc211.org/2005/gsr" xmlns:gss="http://www.isotc211.org/2005/gss" xmlns:gts="http://www.isotc211.org/2005/gts" xmlns:srv="http://www.isotc211.org/2005/srv" xmlns:xlink="http://www.w3.org/1999/xlink" xmlns:geonet="http://www.fao.org/geonetwork" xmlns:xsi="http://www.w3.org/2001/XMLSchema-instance" xsi:schemaLocation="http://www.isotc211.org/2005/gmd http://inspire.ec.europa.eu/draft-schemas/inspire-md-schemas/apiso-inspire/apiso-inspire.xsd">
  <gmd:fileIdentifier>
    <gco:CharacterString>92f04524-1871-413e-8113-511ac25fd884</gco:CharacterString>
  </gmd:fileIdentifier>
  <gmd:language>
    <gmd:LanguageCode codeList="ML_gmxCodelists.xml#LanguageCode" codeListValue="eng">English</gmd:LanguageCode>
  </gmd:language>
  <gmd:parentIdentifier gco:nilReason="inapplicable" />
  <gmd:hierarchyLevel>
    <gmd:MD_ScopeCode codeList="gmxCodelists.xml#MD_ScopeCode" codeListValue="dataset">dataset</gmd:MD_ScopeCode>
  </gmd:hierarchyLevel>
  <gmd:contact>
    <gmd:CI_ResponsibleParty>
      <gmd:individualName>
        <gco:CharacterString>ELEWIS</gco:CharacterString>
      </gmd:individualName>
      <gmd:contactInfo />
      <gmd:role>
        <gmd:CI_RoleCode codeList="gmxCodelists.xml#CI_RoleCode" codeListValue="pointOfContact">pointOfContact</gmd:CI_RoleCode>
      </gmd:role>
    </gmd:CI_ResponsibleParty>
  </gmd:contact>
  <gmd:dateStamp>
    <gco:Date>2019-10-22</gco:Date>
  </gmd:dateStamp>
  <gmd:metadataStandardName>
    <gco:CharacterString>Edds ODA standard</gco:CharacterString>
  </gmd:metadataStandardName>
  <gmd:metadataStandardVersion>
    <gco:CharacterString>0.1</gco:CharacterString>
  </gmd:metadataStandardVersion>
  <gmd:referenceSystemInfo>
    <gmd:MD_ReferenceSystem>
      <gmd:referenceSystemIdentifier>
        <gmd:RS_Identifier>
          <gmd:code>
            <gco:CharacterString />
          </gmd:code>
        </gmd:RS_Identifier>
      </gmd:referenceSystemIdentifier>
    </gmd:MD_ReferenceSystem>
  </gmd:referenceSystemInfo>
  <gmd:identificationInfo>
    <gmd:MD_DataIdentification id="IAR_KEN_318">
      <gmd:citation>
        <gmd:CI_Citation>
          <gmd:title>
            <gco:CharacterString>Geological Map of Longonot Volcano the Greater Olkaria and Eburru Volcanic Complexes and adjacent areas</gco:CharacterString>
          </gmd:title>
          <gmd:date>
            <gmd:CI_Date>
              <gmd:date>
                <gco:Date>1988</gco:Date>
              </gmd:date>
              <gmd:dateType>
                <gmd:CI_DateTypeCode codeList="gmxCodelists.xml#CI_DateTypeCode" codeListValue="publication">Date of publication</gmd:CI_DateTypeCode>
              </gmd:dateType>
            </gmd:CI_Date>
          </gmd:date>
          <gmd:edition>
            <gco:CharacterString>1</gco:CharacterString>
          </gmd:edition>
          <gmd:presentationForm>
            <gmd:CI_PresentationFormCode codeList="gmxCodelists.xml#CI_PresentationFormCode" codeListValue="mapDigital">mapDigital</gmd:CI_PresentationFormCode>
          </gmd:presentationForm>
          <gmd:otherCitationDetails gco:nilReason="inapplicable" />
          <gmd:collectiveTitle gco:nilReason="inapplicable" />
        </gmd:CI_Citation>
      </gmd:citation>
      <gmd:abstract>
        <gco:CharacterString>The map focuses on the area around Lake Naivasha. It identifies the Rift valley marigins,  Tandamara and Mount Maargaret, Eburru Volcanic Complex, Elmenteita and Ndabibi complex, Greater Olkaria Volcanic Complex and Longonot Volcano, classifying each by the formations found within them. 
The map also indicates the location of other volcanic features including pyroclastic cones, eruption fissures, eruption centres. The map face also shows a series of detailed cross sections.</gco:CharacterString>
      </gmd:abstract>
      <gmd:status>
        <gmd:MD_ProgressCode codeList="gmxCodelists.xml#MD_ProgressCode" codeListValue="completed" />
      </gmd:status>
      <gmd:pointOfContact xlink:title="Author">
        <gmd:CI_ResponsibleParty>
          <gmd:individualName>
            <gco:CharacterString />
          </gmd:individualName>
          <gmd:role>
            <gmd:CI_RoleCode codeList="gmxCodelists.xml#CI_RoleCode" codeListValue="author">Author</gmd:CI_RoleCode>
          </gmd:role>
        </gmd:CI_ResponsibleParty>
      </gmd:pointOfContact>
      <gmd:pointOfContact xlink:title="Publisher">
        <gmd:CI_ResponsibleParty>
          <gmd:organisationName>
            <gco:CharacterString>Ministry of Energy Geothermal Section</gco:CharacterString>
          </gmd:organisationName>
          <gmd:contactInfo>
            <gmd:CI_Contact>
              <gmd:address>
                <gmd:CI_Address>
                  <gmd:administrativeArea>
                    <gco:CharacterString />
                  </gmd:administrativeArea>
                </gmd:CI_Address>
              </gmd:address>
            </gmd:CI_Contact>
          </gmd:contactInfo>
          <gmd:role>
            <gmd:CI_RoleCode codeList="gmxCodelists.xml#CI_RoleCode" codeListValue="publisher">Publisher</gmd:CI_RoleCode>
          </gmd:role>
        </gmd:CI_ResponsibleParty>
      </gmd:pointOfContact>
      <gmd:pointOfContact xlink:title="Custodian">
        <gmd:CI_ResponsibleParty>
          <gmd:organisationName>
            <gco:CharacterString>Ministry of Mines and Natural Resources (Mines and Geological Department)</gco:CharacterString>
          </gmd:organisationName>
          <gmd:role>
            <gmd:CI_RoleCode codeList="gmxCodelists.xml#CI_RoleCode" codeListValue="custodian">Custodian</gmd:CI_RoleCode>
          </gmd:role>
        </gmd:CI_ResponsibleParty>
      </gmd:pointOfContact>
      <gmd:pointOfContact xlink:title="PointOfContact">
        <gmd:CI_ResponsibleParty>
          <gmd:organisationName>
            <gco:CharacterString>Ministry of Mines and Natural Resources (Mines and Geological Department)</gco:CharacterString>
          </gmd:organisationName>
          <gmd:role>
            <gmd:CI_RoleCode codeList="gmxCodelists.xml#CI_RoleCode" codeListValue="pointOfContact">Point of Contact</gmd:CI_RoleCode>
          </gmd:role>
        </gmd:CI_ResponsibleParty>
      </gmd:pointOfContact>
      <gmd:pointOfContact xlink:title="Owner">
        <gmd:CI_ResponsibleParty>
          <gmd:individualName>
            <gco:CharacterString />
          </gmd:individualName>
          <gmd:role>
            <gmd:CI_RoleCode codeList="gmxCodelists.xml#CI_RoleCode" codeListValue="owner">Owner</gmd:CI_RoleCode>
          </gmd:role>
        </gmd:CI_ResponsibleParty>
      </gmd:pointOfContact>
      <gmd:resourceMaintenance>
        <gmd:MD_MaintenanceInformation>
          <gmd:maintenanceAndUpdateFrequency>
            <gmd:MD_MaintenanceFrequencyCode codeList="gmxCodelists.xml#MD_MaintenanceFrequencyCode" codeListValue="notPlanned">notPlanned</gmd:MD_MaintenanceFrequencyCode>
          </gmd:maintenanceAndUpdateFrequency>
        </gmd:MD_MaintenanceInformation>
      </gmd:resourceMaintenance>
      <gmd:graphicOverview>
        <gmd:MD_BrowseGraphic>
          <gmd:fileName>
            <gco:CharacterString>http://www.sciencekids.co.nz/images/pictures/flags680/Kenya.jpg</gco:CharacterString>
          </gmd:fileName>
          <gmd:fileDescription>
            <gco:CharacterString>Natioanl flag of Kenya</gco:CharacterString>
          </gmd:fileDescription>
          <gmd:fileType>
            <gco:CharacterString>JPEG</gco:CharacterString>
          </gmd:fileType>
        </gmd:MD_BrowseGraphic>
      </gmd:graphicOverview>
      <gmd:descriptiveKeywords>
        <gmd:MD_Keywords>
          <gmd:keyword>
            <gco:CharacterString>Geology</gco:CharacterString>
          </gmd:keyword>
        </gmd:MD_Keywords>
      </gmd:descriptiveKeywords>
      <gmd:resourceConstraints xlink:title="Limitations/Use_constraints">
        <gmd:MD_Constraints>
          <gmd:useLimitation>
            <gco:CharacterString>Internal Only</gco:CharacterString>
          </gmd:useLimitation>
        </gmd:MD_Constraints>
      </gmd:resourceConstraints>
      <gmd:resourceConstraints xlink:title="Limitations/Access constraints">
        <gmd:MD_LegalConstraints>
          <gmd:accessConstraints>
            <gmd:MD_RestrictionCode codeList="gmxCodelists.xml#MD_RestrictionCode" codeListValue="otherRestrictions" />
          </gmd:accessConstraints>
          <gmd:otherConstraints>
            <gco:CharacterString>Internal Only</gco:CharacterString>
          </gmd:otherConstraints>
        </gmd:MD_LegalConstraints>
      </gmd:resourceConstraints>
      <gmd:resourceConstraints xlink:title="Conditions/Licence/Restriction Code">
        <gmd:MD_LegalConstraints>
          <gmd:useConstraints gco:nilReason="missing" />
          <gmd:otherConstraints>
            <gmx:Anchor xlink:href="#">No specifed conditions apply</gmx:Anchor>
          </gmd:otherConstraints>
        </gmd:MD_LegalConstraints>
      </gmd:resourceConstraints>
      <gmd:spatialResolution>
        <gmd:MD_Resolution>
          <gmd:equivalentScale>
            <gmd:MD_RepresentativeFraction>
              <gmd:denominator>
                <gco:Integer>100000</gco:Integer>
              </gmd:denominator>
            </gmd:MD_RepresentativeFraction>
          </gmd:equivalentScale>
        </gmd:MD_Resolution>
      </gmd:spatialResolution>
      <gmd:language>
        <gmd:LanguageCode codeList="http://www.loc.gov/standards/iso639-2/php/code_list.php" codeListValue="eng">English</gmd:LanguageCode>
      </gmd:language>
      <gmd:topicCategory>
        <gmd:MD_TopicCategoryCode>geoscientificInformation</gmd:MD_TopicCategoryCode>
      </gmd:topicCategory>
      <gmd:extent>
        <gmd:EX_Extent>
          <gmd:temporalElement>
            <gmd:EX_TemporalExtent>
              <gmd:extent>
                <gml:TimePeriod gml:id="tp_1">
                  <gml:beginPosition>1985</gml:beginPosition>
                  <gml:endPosition>1987</gml:endPosition>
                </gml:TimePeriod>
              </gmd:extent>
            </gmd:EX_TemporalExtent>
          </gmd:temporalElement>
        </gmd:EX_Extent>
      </gmd:extent>
      <gmd:extent>
        <gmd:EX_Extent>
          <gmd:description>
            <gco:CharacterString>Longonot Volcano and Greater Olkaria and Eburru areas.</gco:CharacterString>
          </gmd:description>
        </gmd:EX_Extent>
      </gmd:extent>
      <gmd:supplementalInformation>
        <gco:CharacterString>{"Translation Needs":"",
"Number of pages (Hardcopy)":"",
"Archive Location (Hardcopy)":"",
"Location in Archive (Hardcopy)":"",
"Risk and Impact":"",
"Vital asset to the organisation?":"",
"Current Asset Volume":"5.74",
"Digitalizing status":"Scanned",
"Scanned Date":"",
"Name of Staff Scanning":"",
"Digital Asset location":"W:\SpatialData\Raster\Geological\Scale_1_100000\Longonot_Volcano_The_Greater_Olkaria_and_Eburru_Volcanic_Complexes_and_adjacent_areas.jpg",
"Retention period":"",
"Shared with":"",
"Comments":""}</gco:CharacterString>
      </gmd:supplementalInformation>
    </gmd:MD_DataIdentification>
  </gmd:identificationInfo>
  <gmd:distributionInfo>
    <gmd:MD_Distribution>
      <gmd:distributionFormat>
        <gmd:MD_Format>
          <gmd:name>
            <gco:CharacterString>.jpg</gco:CharacterString>
          </gmd:name>
          <gmd:version gco:nilReason="unknown" />
        </gmd:MD_Format>
      </gmd:distributionFormat>
    </gmd:MD_Distribution>
  </gmd:distributionInfo>
  <gmd:dataQualityInfo>
    <gmd:DQ_DataQuality>
      <gmd:scope gco:nilReason="unknown" />
      <gmd:lineage>
        <gmd:LI_Lineage>
          <gmd:statement>
            <gco:CharacterString>The map was produced as a result of a Technical Co-operation agreement between the Government of the Republic of Keny and the United Kingdom of Great Britian and Northern Ireland (Overseas Development Administration). The work formed part of the Kenyan Governments 'Exploration for Geothermal Energy project and was carried out between 1985 and 1987 by the Geeothermal Section of the Kenyan Ministry of Energy and Regional Development and the British Geological Survey (Natural Environmental Research Council). e complilation includes data derived from the Kenyan \Power Company: postgraduate research programmes, notably Dr S.C. Scot of Plymouth Polytechnic and Dr C.M. Bliss of Lancaster University, both in the UK, UNDP and Japan International Co-operation Agency. 
Since the original work was carried out and published no further updates or changes have been made.</gco:CharacterString>
          </gmd:statement>
        </gmd:LI_Lineage>
      </gmd:lineage>
    </gmd:DQ_DataQuality>
  </gmd:dataQualityInfo>
</gmd:MD_Metadata>